lesson_id,course_id,title,language,audio_url,words_count,unknown_count,source_local,first_seen,last_synced
39528,,"Reinhards Hobbys",de,,,2196,,2026-05-24,2026-05-24
59625,39528,"Der Anfang: Sammeln",de,https://s3.amazonaws.com/media.lingq.com/resources/contents/audionorm/resources/contents/audio/2009/08/28/hobbys_03_samme.1e94e8bbd76.mp3,,123,,2026-05-24,2026-05-24
519499,,"DW Nachrichten [Audio+Transkript] (newest on bottom)",de,,,4769,,2026-05-24,2026-05-24
532674,,"Nicos Weg A2",de,,,2127,,2026-05-24,2026-05-24
542016,,"Easy German",de,,,10501,,2026-05-24,2026-05-24
553021,,"Nicos Weg B1",de,,,2392,,2026-05-24,2026-05-24
808220,,"Faust - Goethe (das Volksbuch (B1)",de,,,1280,,2026-05-24,2026-05-24
828258,,"Emil und die Detektive",de,,,1816,,2026-05-24,2026-05-24
877075,,"Nicos Weg - A1",de,,,1430,,2026-05-24,2026-05-24
989898,,"Die Nachbarn",de,,,793,,2026-05-24,2026-05-24
1019491,,Tagesschau,de,,,30510,,2026-05-24,2026-05-24
1122003,,"Wolfgang Borchert: Nachts schlafen die Ratten doch",de,,,1236,,2026-05-24,2026-05-24
1228549,,"Sherlock Holmes - Der Hund der Baskervilles",de,,,7902,,2026-05-24,2026-05-24
1328274,,"Baron von Münchhausen (Graded Reader)",de,,,1596,,2026-05-24,2026-05-24
1328387,,"Effi Briest (Graded Reader)",de,,,1965,,2026-05-24,2026-05-24
1481111,,"A2 - German - Elementary Dialogues",de,,,1615,,2026-05-24,2026-05-24
1666623,,CULTURE,de,,,14392,,2026-05-24,2026-05-24
1696460,,B2+,de,,,4565,,2026-05-24,2026-05-24
2013160,,Kindermärchen,de,,,18672,,2026-05-24,2026-05-24
2122932,,"Quick Imports",de,,,1184,,2026-05-24,2026-05-24
2134209,,"Linie - B1",de,,,817,,2026-05-24,2026-05-24
2138497,,"DTZ Đề mẫu",de,,,1072,,2026-05-24,2026-05-24
2138681,,"Nhật ký",de,,,161,,2026-05-24,2026-05-24
2138923,,"My Simplified Lessons (AI)",de,,,106,,2026-05-24,2026-05-24
2139238,,"DTZ Sprechen Teil 3",de,,,587,,2026-05-24,2026-05-24
2143272,,Netflix,de,,,3245,,2026-05-24,2026-05-24
2145073,,"DTZ Sprechen Teil 1",de,,,222,,2026-05-24,2026-05-24
2148993,,"PRÜFUNGSTRAINING DTZ",de,,,81,,2026-05-24,2026-05-24
2149682,,"Leben in Deutschland",de,,,1165,,2026-05-24,2026-05-24
2152050,,Email,de,,,47,,2026-05-24,2026-05-24
2153576,,"DTZ Sprechen Teil 2",de,,,913,,2026-05-24,2026-05-24
2169238,,"S136- Christliche_Feste_LingQ",de,,,148,,2026-05-24,2026-05-24
2188522,,"DTZ Schreiben",de,,,232,,2026-05-24,2026-05-24
2206701,,"Zeit Online 2",de,,,116,,2026-05-24,2026-05-24
2206712,,"Tages-Anzeiger (Switzerland)",de,,,114,,2026-05-24,2026-05-24
2253839,,"Chi - DTZ",de,,,1152,,2026-05-24,2026-05-24
2303576,,"Langsam Gesprochene Nachrichten 2025",de,,,8178,,2026-05-24,2026-05-24
2451313,,eTraning.de,de,,,189,,2026-05-24,2026-05-24
2451643,,"Erfolg DTZ",de,,,550,,2026-05-24,2026-05-24
2470569,,"Deutsch lernen durch Hören",de,,,117,,2026-05-24,2026-05-24
2470958,,"Learn German by Listening",de,,,268,,2026-05-24,2026-05-24
2583976,,"Prüfungstraining DTZ",de,,,29,,2026-05-24,2026-05-24
2596652,,primevideo.com,de,,,2961,,2026-05-24,2026-05-24
2746438,,tiktok.com,de,,,164,,2026-05-24,2026-05-24
3007938,519499,"31. 10. 2019",de,https://radiodownloaddw-a.akamaihd.net/Events/dwelle/dira/mp3/deutschkurse/nachrichten_live/361D4020_2_dwdownload.mp3,,276,,2026-05-24,2026-05-24
3092303,532674,"Nicos Weg – A2 – A1 Rückblick",de,https://s3.amazonaws.com/media.lingq.com/resources/contents/audionorm/Nicos_Weg_-_A1_R%C3%BCckblick.1aded28d9b54.mp3,,112,,2026-05-24,2026-05-24
3102353,532674,"Nicos Weg – A2 – Folge 1 - Lebenslinien",de,https://s3.amazonaws.com/media.lingq.com/resources/contents/audionorm/Nicos_Weg__A2__Folge_1.61f9d5f7d058.mp3,,59,,2026-05-24,2026-05-24
3105728,532674,"Nicos Weg – A2 – Folge 2 - Angekommen",de,https://s3.amazonaws.com/media.lingq.com/resources/contents/audionorm/Nicos_Weg__A2__Folge_2.e0d8f8f0f589.mp3,,94,,2026-05-24,2026-05-24
3105757,532674,"Nicos Weg – A2 – Folge 3 - Pläne machen",de,https://s3.amazonaws.com/media.lingq.com/resources/contents/audionorm/Nicos_Weg__A2__Folge_3.34a3e8b9b938.mp3,,44,,2026-05-24,2026-05-24
3105767,532674,"Nicos Weg – A2 – Folge 4 - Sprichst du Deutsch?",de,https://s3.amazonaws.com/media.lingq.com/resources/contents/audionorm/Nicos_Weg__A2__Folge_4.d38c56b976d2.mp3,,87,,2026-05-24,2026-05-24
3108325,532674,"Nicos Weg – A2 – Folge 5 - Geld ist für mich …",de,https://s3.amazonaws.com/media.lingq.com/resources/contents/audionorm/Nicos_Weg__A2__Folge_5.6a5638509d94.mp3,,64,,2026-05-24,2026-05-24
3108410,532674,"Nicos Weg – A2 – Folge 6 - Mein Bankkonto",de,https://s3.amazonaws.com/media.lingq.com/resources/contents/audionorm/Nicos_Weg__A2__Folge_6.4ab29a50d6dd.mp3,,66,,2026-05-24,2026-05-24
3108442,532674,"Nicos Weg – A2 – Folge 7 - Rechnungen",de,https://s3.amazonaws.com/media.lingq.com/resources/contents/audionorm/Nicos_Weg__A2__Folge_7.698271b23f2d.mp3,,49,,2026-05-24,2026-05-24
3108458,532674,"Nicos Weg – A2 – Folge 8 - Am Bankautomaten",de,https://s3.amazonaws.com/media.lingq.com/resources/contents/audionorm/Nicos_Weg__A2__Folge_8.acffcc6519b1.mp3,,79,,2026-05-24,2026-05-24
3111298,532674,"Nicos Weg – A2 – Folge 9 - Familiengeschichten",de,https://s3.amazonaws.com/media.lingq.com/resources/contents/audionorm/Nicos_Weg__A2__Folge_9.1ea2161faf09.mp3,,56,,2026-05-24,2026-05-24
3111312,532674,"Nicos Weg – A2 – Folge 10 - Personen beschreiben",de,https://s3.amazonaws.com/media.lingq.com/resources/contents/audionorm/Nicos_Weg__A2__Folge_10.4536691228d9.mp3,,111,,2026-05-24,2026-05-24
3111340,532674,"Nicos Weg – A2 – Folge 11 - Generationen",de,https://s3.amazonaws.com/media.lingq.com/resources/contents/audionorm/Nicos_Weg__A2__Folge_11.5e4e39e93dc1.mp3,,62,,2026-05-24,2026-05-24
3111350,532674,"Nicos Weg – A2 – Folge 12 - Alten- und Pflegeheim",de,https://s3.amazonaws.com/media.lingq.com/resources/contents/audionorm/Nicos_Weg__A2__Folge_12.460bf9f8b21b.mp3,,71,,2026-05-24,2026-05-24
3113346,532674,"Nicos Weg – A2 – Folge 13 - Wohngemeinschaft",de,https://s3.amazonaws.com/media.lingq.com/resources/contents/audionorm/Nicos_Weg__A2__Folge_13.dd67e9733de8.mp3,,91,,2026-05-24,2026-05-24
3113366,532674,"Nicos Weg – A2 – Folge 14 - Nachbarschaft",de,https://s3.amazonaws.com/media.lingq.com/resources/contents/audionorm/Nicos_Weg__A2__Folge_14.cfa3f5048a71.mp3,,88,,2026-05-24,2026-05-24
3113374,532674,"Nicos Weg – A2 – Folge 15 - Kinder",de,https://s3.amazonaws.com/media.lingq.com/resources/contents/audionorm/Nicos_Weg__A2__Folge_15.42124679bc01.mp3,,72,,2026-05-24,2026-05-24
3113382,532674,"Nicos Weg – A2 – Folge 16 - Anders als ihr",de,https://s3.amazonaws.com/media.lingq.com/resources/contents/audionorm/Nicos_Weg__A2__Folge_16.e974c0129589.mp3,,89,,2026-05-24,2026-05-24
3125923,532674,"Nicos Weg – A2 – Folge 17 - Unterwegs",de,https://s3.amazonaws.com/media.lingq.com/resources/contents/audionorm/Nicos_Weg__A2__Folge_17.7f0960f4dc28.mp3,,69,,2026-05-24,2026-05-24
3125931,532674,"Nicos Weg – A2 – Folge 18 - Im Hotel",de,https://s3.amazonaws.com/media.lingq.com/resources/contents/audionorm/Nicos_Weg__A2__Folge_18.efd3083c665a.mp3,,70,,2026-05-24,2026-05-24
3125933,532674,"Nicos Weg – A2 – Folge 19 - Bahnreisen",de,https://s3.amazonaws.com/media.lingq.com/resources/contents/audionorm/Nicos_Weg__A2__Folge_19.ca742ee1bff5.mp3,,101,,2026-05-24,2026-05-24
3126010,532674,"Nicos Weg – A2 – Folge 20 - Der Ticketautomat",de,https://s3.amazonaws.com/media.lingq.com/resources/contents/audionorm/Nicos_Weg__A2__Folge_20.9c81cb07033a.mp3,,65,,2026-05-24,2026-05-24
3131731,532674,"Nicos Weg – A2 – Folge 21 - Alltag und Freizeit",de,https://s3.amazonaws.com/media.lingq.com/resources/contents/audionorm/Nicos_Weg__A2__Folge_21.77884fda58d7.mp3,,78,,2026-05-24,2026-05-24
3131749,532674,"Nicos Weg – A2 – Folge 22 - Freizeitstress",de,https://s3.amazonaws.com/media.lingq.com/resources/contents/audionorm/Nicos_Weg__A2__Folge_22.f6c33a9272ac.mp3,,103,,2026-05-24,2026-05-24
3131842,532674,"Nicos Weg – A2 – Folge 23 - Das hört sich gut an!",de,https://s3.amazonaws.com/media.lingq.com/resources/contents/audionorm/Nicos_Weg__A2__Folge_23.f6a9d752d4dd.mp3,,91,,2026-05-24,2026-05-24
3131888,532674,"Nicos Weg – A2 – Folge 24 - Das meinen Sie nicht ernst!",de,https://s3.amazonaws.com/media.lingq.com/resources/contents/audionorm/Nicos_Weg__A2__Folge_24.abc3e081dc7e.mp3,,94,,2026-05-24,2026-05-24
3136801,532674,"Nicos Weg – A2 – Folge 25 - Das macht mir Spaß!",de,https://s3.amazonaws.com/media.lingq.com/resources/contents/audionorm/Nicos_Weg__A2__Folge_25.a2d62f84f241.mp3,,73,,2026-05-24,2026-05-24
3136827,532674,"Nicos Weg – A2 – Folge 26 - Im Verein",de,https://s3.amazonaws.com/media.lingq.com/resources/contents/audionorm/Nicos_Weg__A2__Folge_26.b8cd432a36a1.mp3,,103,,2026-05-24,2026-05-24
3136854,532674,"Nicos Weg – A2 – Folge 27 - Das macht mir Sorgen!",de,https://s3.amazonaws.com/media.lingq.com/resources/contents/audionorm/Nicos_Weg__A2__Folge_27.ed6a9ac28b55.mp3,,73,,2026-05-24,2026-05-24
3136876,532674,"Nicos Weg – A2 – Folge 28 - Das ist mir wichtig!",de,https://s3.amazonaws.com/media.lingq.com/resources/contents/audionorm/Nicos_Weg__A2__Folge_28.bd7386e19e70.mp3,,94,,2026-05-24,2026-05-24
3149173,532674,"Nicos Weg – A2 – Folge 29 - Immer und überall",de,https://s3.amazonaws.com/media.lingq.com/resources/contents/audionorm/Nicos_Weg__A2__Folge_29.b26da381cd0d.mp3,,84,,2026-05-24,2026-05-24
3149200,532674,"Nicos Weg – A2 – Folge 30 - Das Internet",de,https://s3.amazonaws.com/media.lingq.com/resources/contents/audionorm/Nicos_Weg__A2__Folge_30.4bf6144e0255.mp3,,105,,2026-05-24,2026-05-24
3149409,532674,"Nicos Weg – A2 – Folge 31 - Mit freundlichen Grüßen",de,https://s3.amazonaws.com/media.lingq.com/resources/contents/audionorm/Nicos_Weg__A2__Folge_31.85f206a106a6.mp3,,68,,2026-05-24,2026-05-24
3149434,532674,"Nicos Weg – A2 – Folge 32 - Reklamation",de,https://s3.amazonaws.com/media.lingq.com/resources/contents/audionorm/Nicos_Weg__A2__Folge_32.b2e50fcc4a94.mp3,,88,,2026-05-24,2026-05-24
3155604,532674,"Nicos Weg – A2 – Folge 33 - Essen gehen",de,https://s3.amazonaws.com/media.lingq.com/resources/contents/audionorm/Nicos_Weg__A2__Folge_33.6eeceaf8bb54.mp3,,112,,2026-05-24,2026-05-24
3157594,532674,"Nicos Weg – A2 – Folge 34 - Die Karte, bitte!",de,https://s3.amazonaws.com/media.lingq.com/resources/contents/audionorm/Nicos_Weg__A2__Folge_34.1ea9d852f412.mp3,,119,,2026-05-24,2026-05-24
3157927,532674,"Nicos Weg – A2 – Folge 35 - Was darf es sein?",de,https://s3.amazonaws.com/media.lingq.com/resources/contents/audionorm/Nicos_Weg__A2__Folge_35.317144e5b00c.mp3,,108,,2026-05-24,2026-05-24
3158173,532674,"Nicos Weg – A2 – Folge 36",de,https://s3.amazonaws.com/media.lingq.com/resources/contents/audionorm/Nicos_Weg__A2__Folge_36.d56c780f4968.mp3,,114,,2026-05-24,2026-05-24
3158183,532674,"Nicos Weg – A2 – Folge 37",de,https://s3.amazonaws.com/media.lingq.com/resources/contents/audionorm/Nicos_Weg__A2__Folge_37.9a4bdc1fabb0.mp3,,113,,2026-05-24,2026-05-24
3158202,532674,"Nicos Weg – A2 – Folge 38",de,https://s3.amazonaws.com/media.lingq.com/resources/contents/audionorm/Nicos_Weg__A2__Folge_38.8273cda6c052.mp3,,86,,2026-05-24,2026-05-24
3158216,532674,"Nicos Weg – A2 – Folge 39",de,https://s3.amazonaws.com/media.lingq.com/resources/contents/audionorm/Nicos_Weg__A2__Folge_39.9befa53515cc.mp3,,81,,2026-05-24,2026-05-24
3158238,532674,"Nicos Weg – A2 – Folge 40",de,https://s3.amazonaws.com/media.lingq.com/resources/contents/audionorm/Nicos_Weg__A2__Folge_40.52acf409ddc6.mp3,,88,,2026-05-24,2026-05-24
3165737,532674,"Nicos Weg – A2 – Folge 41",de,https://s3.amazonaws.com/media.lingq.com/resources/contents/audionorm/Nicos_Weg__A2__Folge_41.bb7f4cb79e12.mp3,,111,,2026-05-24,2026-05-24
3165753,532674,"Nicos Weg – A2 – Folge 42",de,https://s3.amazonaws.com/media.lingq.com/resources/contents/audionorm/Nicos_Weg__A2__Folge_42.f1128ddc61dd.mp3,,101,,2026-05-24,2026-05-24
3165802,532674,"Nicos Weg – A2 – Folge 43",de,https://s3.amazonaws.com/media.lingq.com/resources/contents/audionorm/Nicos_Weg__A2__Folge_43.79d8047b4ccf.mp3,,86,,2026-05-24,2026-05-24
3165827,532674,"Nicos Weg – A2 – Folge 44",de,https://s3.amazonaws.com/media.lingq.com/resources/contents/audionorm/Nicos_Weg__A2__Folge_44.63beb1a1159e.mp3,,84,,2026-05-24,2026-05-24
3166400,532674,"Nicos Weg – A2 – Folge 45",de,https://s3.amazonaws.com/media.lingq.com/resources/contents/audionorm/Nicos_Weg__A2__Folge_45.cea53541a26f.mp3,,113,,2026-05-24,2026-05-24
3166418,532674,"Nicos Weg – A2 – Folge 46",de,https://s3.amazonaws.com/media.lingq.com/resources/contents/audionorm/Nicos_Weg__A2__Folge_46.8f4f2aa26410.mp3,,101,,2026-05-24,2026-05-24
3166441,532674,"Nicos Weg – A2 – Folge 47",de,https://s3.amazonaws.com/media.lingq.com/resources/contents/audionorm/Nicos_Weg__A2__Folge_47.841156f6a59d.mp3,,91,,2026-05-24,2026-05-24
3166464,532674,"Nicos Weg – A2 – Folge 48",de,https://s3.amazonaws.com/media.lingq.com/resources/contents/audionorm/Nicos_Weg__A2__Folge_48.b4d8e9e7b243.mp3,,70,,2026-05-24,2026-05-24
3166496,532674,"Nicos Weg – A2 – Folge 49",de,https://s3.amazonaws.com/media.lingq.com/resources/contents/audionorm/Nicos_Weg__A2__Folge_49.22703bf21b21.mp3,,115,,2026-05-24,2026-05-24
3166513,532674,"Nicos Weg – A2 – Folge 50",de,https://s3.amazonaws.com/media.lingq.com/resources/contents/audionorm/Nicos_Weg__A2__Folge_50.9fb6ea50591c.mp3,,97,,2026-05-24,2026-05-24
3166522,532674,"Nicos Weg – A2 – Folge 51",de,https://s3.amazonaws.com/media.lingq.com/resources/contents/audionorm/Nicos_Weg__A2__Folge_51.1c3b4a0ad6c6.mp3,,87,,2026-05-24,2026-05-24
3166635,532674,"Nicos Weg – A2 – Folge 52",de,https://s3.amazonaws.com/media.lingq.com/resources/contents/audionorm/Nicos_Weg__A2__Folge_52.aafad0c7f00c.mp3,,81,,2026-05-24,2026-05-24
3174233,532674,"Nicos Weg – A2 – Folge 53",de,https://s3.amazonaws.com/media.lingq.com/resources/contents/audionorm/Nicos_Weg__A2__Folge_53.7bde6fbf9d0e.mp3,,84,,2026-05-24,2026-05-24
3174313,532674,"Nicos Weg – A2 – Folge 54",de,https://s3.amazonaws.com/media.lingq.com/resources/contents/audionorm/Nicos_Weg__A2__Folge_54.ff059434a1f5.mp3,,119,,2026-05-24,2026-05-24
3174403,532674,"Nicos Weg – A2 – Folge 55",de,https://s3.amazonaws.com/media.lingq.com/resources/contents/audionorm/Nicos_Weg__A2__Folge_55.20169156f76e.mp3,,86,,2026-05-24,2026-05-24
3174416,532674,"Nicos Weg – A2 – Folge 56",de,https://s3.amazonaws.com/media.lingq.com/resources/contents/audionorm/Nicos_Weg__A2__Folge_56.c03d418daaea.mp3,,68,,2026-05-24,2026-05-24
3202527,532674,"Nicos Weg – A2 – Folge 57",de,https://s3.amazonaws.com/media.lingq.com/resources/contents/audionorm/Nicos_Weg__A2__Folge_57.2532a8d79f3.mp3,,104,,2026-05-24,2026-05-24
3202616,532674,"Nicos Weg – A2 – Folge 58",de,https://s3.amazonaws.com/media.lingq.com/resources/contents/audionorm/Nicos_Weg__A2__Folge_58.8f825493f08b.mp3,,89,,2026-05-24,2026-05-24
3202620,532674,"Nicos Weg – A2 – Folge 59",de,https://s3.amazonaws.com/media.lingq.com/resources/contents/audionorm/Nicos_Weg__A2__Folge_59.e08a65f432e5.mp3,,81,,2026-05-24,2026-05-24
3202638,532674,"Nicos Weg – A2 – Folge 60",de,https://s3.amazonaws.com/media.lingq.com/resources/contents/audionorm/Nicos_Weg__A2__Folge_60.b3b59bd8daad.mp3,,85,,2026-05-24,2026-05-24
3205617,532674,"Nicos Weg – A2 – Folge 61",de,https://s3.amazonaws.com/media.lingq.com/resources/contents/audionorm/Nicos_Weg__A2__Folge_61.12f43fe3bf7e.mp3,,97,,2026-05-24,2026-05-24
3205681,532674,"Nicos Weg – A2 – Folge 62",de,https://s3.amazonaws.com/media.lingq.com/resources/contents/audionorm/Nicos_Weg__A2__Folge_62.a43b0a984848.mp3,,77,,2026-05-24,2026-05-24
3205708,532674,"Nicos Weg – A2 – Folge 63",de,https://s3.amazonaws.com/media.lingq.com/resources/contents/audionorm/Nicos_Weg__A2__Folge_63.2f9e796484d4.mp3,,82,,2026-05-24,2026-05-24
3205772,532674,"Nicos Weg – A2 – Folge 64",de,https://s3.amazonaws.com/media.lingq.com/resources/contents/audionorm/Nicos_Weg__A2__Folge_64.98563d96d1b8.mp3,,113,,2026-05-24,2026-05-24
3233006,532674,"Nicos Weg – A2 – Folge 65",de,https://s3.amazonaws.com/media.lingq.com/resources/contents/audionorm/Nicos_Weg__A2__Folge_65.4292649ee006.mp3,,85,,2026-05-24,2026-05-24
3233013,532674,"Nicos Weg – A2 – Folge 66",de,https://s3.amazonaws.com/media.lingq.com/resources/contents/audionorm/Nicos_Weg__A2__Folge_66.bbbce0288d47.mp3,,81,,2026-05-24,2026-05-24
3233047,532674,"Nicos Weg – A2 – Folge 67",de,https://s3.amazonaws.com/media.lingq.com/resources/contents/audionorm/Nicos_Weg__A2__Folge_67.c60e3360f794.mp3,,96,,2026-05-24,2026-05-24
3233065,532674,"Nicos Weg – A2 – Folge 68",de,https://s3.amazonaws.com/media.lingq.com/resources/contents/audionorm/Nicos_Weg__A2__Folge_68.cd65acb6901d.mp3,,74,,2026-05-24,2026-05-24
3237222,532674,"Nicos Weg – A2 – Folge 69",de,https://s3.amazonaws.com/media.lingq.com/resources/contents/audionorm/Nicos_Weg__A2__Folge_69.595e6fefe57f.mp3,,81,,2026-05-24,2026-05-24
3237327,532674,"Nicos Weg – A2 – Folge 70",de,https://s3.amazonaws.com/media.lingq.com/resources/contents/audionorm/Nicos_Weg__A2__Folge_70.c47a52c35c71.mp3,,95,,2026-05-24,2026-05-24
3237340,532674,"Nicos Weg – A2 – Folge 71",de,https://s3.amazonaws.com/media.lingq.com/resources/contents/audionorm/Nicos_Weg__A2__Folge_71.53be158e5f83.mp3,,83,,2026-05-24,2026-05-24
3237351,532674,"Nicos Weg – A2 – Folge 72",de,https://s3.amazonaws.com/media.lingq.com/resources/contents/audionorm/Nicos_Weg__A2__Folge_72.f32599cd6310.mp3,,81,,2026-05-24,2026-05-24
3245309,532674,"Nicos Weg – A2 – Folge 73",de,https://s3.amazonaws.com/media.lingq.com/resources/contents/audionorm/Nicos_Weg__A2__Folge_73.c3005c73cb08.mp3,,98,,2026-05-24,2026-05-24
3245331,532674,"Nicos Weg – A2 – Folge 74",de,https://s3.amazonaws.com/media.lingq.com/resources/contents/audionorm/Nicos_Weg__A2__Folge_74.4c83a7b719a2.mp3,,97,,2026-05-24,2026-05-24
3245342,532674,"Nicos Weg – A2 – Folge 75",de,https://s3.amazonaws.com/media.lingq.com/resources/contents/audionorm/Nicos_Weg__A2__Folge_75.e85cbd76ff55.mp3,,109,,2026-05-24,2026-05-24
3245352,532674,"Nicos Weg – A2 – Folge 76",de,https://s3.amazonaws.com/media.lingq.com/resources/contents/audionorm/Nicos_Weg__A2__Folge_76.9e5098005da9.mp3,,83,,2026-05-24,2026-05-24
3245410,532674,"Nicos Weg – A2 – Der ganze Film",de,https://s3.amazonaws.com/media.lingq.com/resources/contents/audionorm/Nicos_Weg_A2_Ganzer_Film_57mn.b22f7facfa07.mp3,,24,,2026-05-24,2026-05-24
3301380,553021,"Nicos Weg – B1 – A2 Rückblick",de,https://s3.amazonaws.com/media.lingq.com/resources/contents/audionorm/Nicos_Weg__B1__A2_R%C3%BCckblick.45c1301b8222.mp3,,157,,2026-05-24,2026-05-24
3315459,553021,"Nicos Weg – B1 – Folge 1",de,https://s3.amazonaws.com/media.lingq.com/resources/contents/audionorm/Nicos_Weg__B1__Folge_1.603adf8c173b.mp3,,94,,2026-05-24,2026-05-24
3315497,553021,"Nicos Weg – B1 – Folge 2",de,https://s3.amazonaws.com/media.lingq.com/resources/contents/audionorm/Nicos_Weg__B1__Folge_2.a4da7542ba42.mp3,,90,,2026-05-24,2026-05-24
3315517,553021,"Nicos Weg – B1 – Folge 3",de,https://s3.amazonaws.com/media.lingq.com/resources/contents/audionorm/Nicos_Weg__B1__Folge_3.cd4144264a6e.mp3,,100,,2026-05-24,2026-05-24
3315577,553021,"Nicos Weg – B1 – Folge 4",de,https://s3.amazonaws.com/media.lingq.com/resources/contents/audionorm/Nicos_Weg__B1__Folge_4.da59c4570006.mp3,,87,,2026-05-24,2026-05-24
3338956,553021,"Nicos Weg – B1 – Folge 5",de,https://s3.amazonaws.com/media.lingq.com/resources/contents/audionorm/Nicos_Weg__B1__Folge_5.724da801bd0d.mp3,,83,,2026-05-24,2026-05-24
3339007,553021,"Nicos Weg – B1 – Folge 6",de,https://s3.amazonaws.com/media.lingq.com/resources/contents/audionorm/Nicos_Weg__B1__Folge_6.7865dabd50dd.mp3,,98,,2026-05-24,2026-05-24
3339011,553021,"Nicos Weg – B1 – Folge 7",de,https://s3.amazonaws.com/media.lingq.com/resources/contents/audionorm/Nicos_Weg__B1__Folge_7.9f903c344248.mp3,,84,,2026-05-24,2026-05-24
3339056,553021,"Nicos Weg – B1 – Folge 8",de,https://s3.amazonaws.com/media.lingq.com/resources/contents/audionorm/Nicos_Weg__B1__Folge_8.9aef22b8636.mp3,,80,,2026-05-24,2026-05-24
3343837,553021,"Nicos Weg – B1 – Folge 9",de,https://s3.amazonaws.com/media.lingq.com/resources/contents/audionorm/Nicos_Weg__B1__Folge_9.71307a906827.mp3,,88,,2026-05-24,2026-05-24
3343889,553021,"Nicos Weg – B1 – Folge 10",de,https://s3.amazonaws.com/media.lingq.com/resources/contents/audionorm/Nicos_Weg__B1__Folge_10.ea3222698eee.mp3,,114,,2026-05-24,2026-05-24
3343909,553021,"Nicos Weg – B1 – Folge 11",de,https://s3.amazonaws.com/media.lingq.com/resources/contents/audionorm/Nicos_Weg__B1__Folge_11.1b301e892460.mp3,,100,,2026-05-24,2026-05-24
3344144,553021,"Nicos Weg – B1 – Folge 12",de,https://s3.amazonaws.com/media.lingq.com/resources/contents/audionorm/Nicos_Weg__B1__Folge_12.295a3d43560f.mp3,,91,,2026-05-24,2026-05-24
3475845,553021,"Nicos Weg – B1 – Folge 13",de,https://s3.amazonaws.com/media.lingq.com/resources/contents/audionorm/Nicos_Weg__B1__Folge_13.c4730a594037.mp3,,107,,2026-05-24,2026-05-24
3476010,553021,"Nicos Weg – B1 – Folge 14",de,https://s3.amazonaws.com/media.lingq.com/resources/contents/audionorm/Nicos_Weg__B1__Folge_14.1d551ec4cd43.mp3,,117,,2026-05-24,2026-05-24
3476029,553021,"Nicos Weg – B1 – Folge 15",de,https://s3.amazonaws.com/media.lingq.com/resources/contents/audionorm/Nicos_Weg__B1__Folge_15.8b9017ec212d.mp3,,98,,2026-05-24,2026-05-24
3476081,553021,"Nicos Weg – B1 – Folge 16",de,https://s3.amazonaws.com/media.lingq.com/resources/contents/audionorm/Nicos_Weg__B1__Folge_16.82c41cbd6b97.mp3,,47,,2026-05-24,2026-05-24
3485764,553021,"Nicos Weg – B1 – Folge 17",de,https://s3.amazonaws.com/media.lingq.com/resources/contents/audionorm/Nicos_Weg__B1__Folge_17.1db76cdf64d0.mp3,,93,,2026-05-24,2026-05-24
3485805,553021,"Nicos Weg – B1 – Folge 18",de,https://s3.amazonaws.com/media.lingq.com/resources/contents/audionorm/Nicos_Weg__B1__Folge_18.36eb23b4709c.mp3,,99,,2026-05-24,2026-05-24
3485862,553021,"Nicos Weg – B1 – Folge 19",de,https://s3.amazonaws.com/media.lingq.com/resources/contents/audionorm/Nicos_Weg__B1__Folge_19.8b0aea1ee874.mp3,,94,,2026-05-24,2026-05-24
3485993,553021,"Nicos Weg – B1 – Folge 20",de,https://s3.amazonaws.com/media.lingq.com/resources/contents/audionorm/Nicos_Weg__B1__Folge_20.525a3c0e959.mp3,,107,,2026-05-24,2026-05-24
3510119,553021,"Nicos Weg – B1 – Folge 21",de,https://s3.amazonaws.com/media.lingq.com/resources/contents/audionorm/Nicos_Weg__B1__Folge_21.e7b94788247b.mp3,,98,,2026-05-24,2026-05-24
3510127,553021,"Nicos Weg – B1 – Folge 22",de,https://s3.amazonaws.com/media.lingq.com/resources/contents/audionorm/Nicos_Weg__B1__Folge_22.a8411f3b1137.mp3,,90,,2026-05-24,2026-05-24
3510142,553021,"Nicos Weg – B1 – Folge 23",de,https://s3.amazonaws.com/media.lingq.com/resources/contents/audionorm/Nicos_Weg__B1__Folge_23.5b7dbe08058d.mp3,,106,,2026-05-24,2026-05-24
3510179,553021,"Nicos Weg – B1 – Folge 24",de,https://s3.amazonaws.com/media.lingq.com/resources/contents/audionorm/Nicos_Weg__B1__Folge_24.3e15fdd7f892.mp3,,93,,2026-05-24,2026-05-24
3522053,553021,"Nicos Weg – B1 – Folge 25",de,https://s3.amazonaws.com/media.lingq.com/resources/contents/audionorm/Nicos_Weg__B1__Folge_25.4dcdcb856bf7.mp3,,98,,2026-05-24,2026-05-24
3522060,553021,"Nicos Weg – B1 – Folge 26",de,https://s3.amazonaws.com/media.lingq.com/resources/contents/audionorm/Nicos_Weg__B1__Folge_26.abee61856ad2.mp3,,80,,2026-05-24,2026-05-24
3522068,553021,"Nicos Weg – B1 – Folge 27",de,https://s3.amazonaws.com/media.lingq.com/resources/contents/audionorm/Nicos_Weg__B1__Folge_27.170a9bf8b2c2.mp3,,100,,2026-05-24,2026-05-24
3522081,553021,"Nicos Weg – B1 – Folge 28",de,https://s3.amazonaws.com/media.lingq.com/resources/contents/audionorm/Nicos_Weg__B1__Folge_28.c933671141d6.mp3,,85,,2026-05-24,2026-05-24
3586971,553021,"Nicos Weg – B1 – Folge 29",de,https://s3.amazonaws.com/media.lingq.com/resources/contents/audionorm/Nicos_Weg__B1__Folge_29.a96e070fad8e.mp3,,93,,2026-05-24,2026-05-24
3586990,553021,"Nicos Weg – B1 – Folge 30",de,https://s3.amazonaws.com/media.lingq.com/resources/contents/audionorm/Nicos_Weg__B1__Folge_30.e8523a86063f.mp3,,97,,2026-05-24,2026-05-24
3587031,553021,"Nicos Weg – B1 – Folge 31",de,https://s3.amazonaws.com/media.lingq.com/resources/contents/audionorm/Nicos_Weg__B1__Folge_31.423d568c9844.mp3,,47,,2026-05-24,2026-05-24
3587048,553021,"Nicos Weg – B1 – Folge 32",de,https://s3.amazonaws.com/media.lingq.com/resources/contents/audionorm/Nicos_Weg__B1__Folge_32.34801a8d4f2e.mp3,,76,,2026-05-24,2026-05-24
3634342,553021,"Nicos Weg – B1 – Folge 33",de,https://s3.amazonaws.com/media.lingq.com/resources/contents/audionorm/Nicos_Weg__B1__Folge_33.6ad0f469805b.mp3,,78,,2026-05-24,2026-05-24
3635647,553021,"Nicos Weg – B1 – Folge 34",de,https://s3.amazonaws.com/media.lingq.com/resources/contents/audionorm/Nicos_Weg__B1__Folge_34.65e5e688a107.mp3,,87,,2026-05-24,2026-05-24
3687311,553021,"Nicos Weg – B1 – Folge 35",de,https://s3.amazonaws.com/media.lingq.com/resources/contents/audionorm/Nicos_Weg__B1__Folge_35.3aef74362542.mp3,,86,,2026-05-24,2026-05-24
3687330,553021,"Nicos Weg – B1 – Folge 36",de,https://s3.amazonaws.com/media.lingq.com/resources/contents/audionorm/Nicos_Weg__B1__Folge_36.a6a27a77899a.mp3,,66,,2026-05-24,2026-05-24
3687351,553021,"Nicos Weg – B1 – Folge 37",de,https://s3.amazonaws.com/media.lingq.com/resources/contents/audionorm/Nicos_Weg__B1__Folge_37.d23766a5f442.mp3,,112,,2026-05-24,2026-05-24
3687360,553021,"Nicos Weg – B1 – Folge 38",de,https://s3.amazonaws.com/media.lingq.com/resources/contents/audionorm/Nicos_Weg__B1__Folge_38.89c5d0f65c24.mp3,,89,,2026-05-24,2026-05-24
3687366,553021,"Nicos Weg – B1 – Folge 39",de,https://s3.amazonaws.com/media.lingq.com/resources/contents/audionorm/Nicos_Weg__B1__Folge_39.b38f0eab30d5.mp3,,91,,2026-05-24,2026-05-24
3687391,553021,"Nicos Weg – B1 – Folge 40",de,https://s3.amazonaws.com/media.lingq.com/resources/contents/audionorm/Nicos_Weg__B1__Folge_40.6b0779b6e9e8.mp3,,94,,2026-05-24,2026-05-24
3687406,553021,"Nicos Weg – B1 – Folge 41",de,https://s3.amazonaws.com/media.lingq.com/resources/contents/audionorm/Nicos_Weg__B1__Folge_41.8c9ed4003027.mp3,,76,,2026-05-24,2026-05-24
3687413,553021,"Nicos Weg – B1 – Folge 42",de,https://s3.amazonaws.com/media.lingq.com/resources/contents/audionorm/Nicos_Weg__B1__Folge_42.dacebdd7fe76.mp3,,107,,2026-05-24,2026-05-24
3687442,553021,"Nicos Weg – B1 – Folge 43",de,https://s3.amazonaws.com/media.lingq.com/resources/contents/audionorm/Nicos_Weg__B1__Folge_43.f862cdb1c385.mp3,,99,,2026-05-24,2026-05-24
3687461,553021,"Nicos Weg – B1 – Folge 44",de,https://s3.amazonaws.com/media.lingq.com/resources/contents/audionorm/Nicos_Weg__B1__Folge_44.f991ac00bd5d.mp3,,86,,2026-05-24,2026-05-24
3687560,553021,"Nicos Weg – B1 – Folge 45",de,https://s3.amazonaws.com/media.lingq.com/resources/contents/audionorm/Nicos_Weg__B1__Folge_45.aa03ba7833af.mp3,,112,,2026-05-24,2026-05-24
3687628,553021,"Nicos Weg – B1 – Folge 46",de,https://s3.amazonaws.com/media.lingq.com/resources/contents/audionorm/Nicos_Weg__B1__Folge_46.6d58578fd9bc.mp3,,64,,2026-05-24,2026-05-24
3687760,553021,"Nicos Weg – B1 – Folge 47",de,https://s3.amazonaws.com/media.lingq.com/resources/contents/audionorm/Nicos_Weg__B1__Folge_47.4f361016a2a5.mp3,,124,,2026-05-24,2026-05-24
3687812,553021,"Nicos Weg – B1 – Folge 48",de,https://s3.amazonaws.com/media.lingq.com/resources/contents/audionorm/Nicos_Weg__B1__Folge_48.da66d94e3418.mp3,,62,,2026-05-24,2026-05-24
3687856,553021,"Nicos Weg – B1 – Folge 49",de,https://s3.amazonaws.com/media.lingq.com/resources/contents/audionorm/Nicos_Weg__B1__Folge_49.fc4ccf36356e.mp3,,93,,2026-05-24,2026-05-24
3687966,553021,"Nicos Weg – B1 – Folge 50",de,https://s3.amazonaws.com/media.lingq.com/resources/contents/audionorm/Nicos_Weg__B1__Folge_50.bf1dc2303c4e.mp3,,92,,2026-05-24,2026-05-24
3687988,553021,"Nicos Weg – B1 – Folge 51",de,https://s3.amazonaws.com/media.lingq.com/resources/contents/audionorm/Nicos_Weg__B1__Folge_51.311090ed464d.mp3,,112,,2026-05-24,2026-05-24
3688007,553021,"Nicos Weg – B1 – Folge 52",de,https://s3.amazonaws.com/media.lingq.com/resources/contents/audionorm/Nicos_Weg__B1__Folge_52.9cc1f9242ab8.mp3,,107,,2026-05-24,2026-05-24
3794739,553021,"Nicos Weg – B1 – Folge 53",de,https://s3.amazonaws.com/media.lingq.com/resources/contents/audionorm/Nicos_Weg__B1__Folge_53.57b3b92a69a4.mp3,,84,,2026-05-24,2026-05-24
3795686,553021,"Nicos Weg – B1 – Folge 54",de,https://s3.amazonaws.com/media.lingq.com/resources/contents/audionorm/Nicos_Weg__B1__Folge_54.9588c9c08e0d.mp3,,82,,2026-05-24,2026-05-24
3795812,553021,"Nicos Weg – B1 – Folge 55",de,https://s3.amazonaws.com/media.lingq.com/resources/contents/audionorm/Nicos_Weg__B1__Folge_55.45bf80763be.mp3,,85,,2026-05-24,2026-05-24
3795928,553021,"Nicos Weg – B1 – Folge 56",de,https://s3.amazonaws.com/media.lingq.com/resources/contents/audionorm/Nicos_Weg__B1__Folge_56.cb922989ef97.mp3,,61,,2026-05-24,2026-05-24
3803902,553021,"Nicos Weg – B1 – Folge 57",de,https://s3.amazonaws.com/media.lingq.com/resources/contents/audionorm/Nicos_Weg__B1__Folge_57.ad376332d8fb.mp3,,78,,2026-05-24,2026-05-24
3803950,553021,"Nicos Weg – B1 – Folge 58",de,https://s3.amazonaws.com/media.lingq.com/resources/contents/audionorm/Nicos_Weg__B1__Folge_58.e1a4669aa531.mp3,,80,,2026-05-24,2026-05-24
3804005,553021,"Nicos Weg – B1 – Folge 59",de,https://s3.amazonaws.com/media.lingq.com/resources/contents/audionorm/Nicos_Weg__B1__Folge_59.f29b5b519579.mp3,,117,,2026-05-24,2026-05-24
3804039,553021,"Nicos Weg – B1 – Folge 60",de,https://s3.amazonaws.com/media.lingq.com/resources/contents/audionorm/Nicos_Weg__B1__Folge_60.a500e65d43cb.mp3,,79,,2026-05-24,2026-05-24
3901004,553021,"Nicos Weg – B1 – Folge 61",de,https://s3.amazonaws.com/media.lingq.com/resources/contents/audionorm/Nicos_Weg__B1__Folge_61.cfc73bac4ad.mp3,,80,,2026-05-24,2026-05-24
3901041,553021,"Nicos Weg – B1 – Folge 62",de,https://s3.amazonaws.com/media.lingq.com/resources/contents/audionorm/Nicos_Weg__B1__Folge_62.b9c1739282ff.mp3,,87,,2026-05-24,2026-05-24
3901068,553021,"Nicos Weg – B1 – Folge 63",de,https://s3.amazonaws.com/media.lingq.com/resources/contents/audionorm/Nicos_Weg__B1__Folge_63.3f19ad7417fb.mp3,,100,,2026-05-24,2026-05-24
3901122,553021,"Nicos Weg – B1 – Folge 64",de,https://s3.amazonaws.com/media.lingq.com/resources/contents/audionorm/Nicos_Weg__B1__Folge_64.b17ad996e5d8.mp3,,95,,2026-05-24,2026-05-24
3901141,553021,"Nicos Weg – B1 – Folge 65",de,https://s3.amazonaws.com/media.lingq.com/resources/contents/audionorm/Nicos_Weg__B1__Folge_65.fc25bb8a605c.mp3,,95,,2026-05-24,2026-05-24
3901162,553021,"Nicos Weg – B1 – Folge 66",de,https://s3.amazonaws.com/media.lingq.com/resources/contents/audionorm/Nicos_Weg__B1__Folge_66.560a995a8dec.mp3,,81,,2026-05-24,2026-05-24
3901225,553021,"Nicos Weg – B1 – Folge 67",de,https://s3.amazonaws.com/media.lingq.com/resources/contents/audionorm/Nicos_Weg__B1__Folge_67.4e06dd47b590.mp3,,79,,2026-05-24,2026-05-24
3901267,553021,"Nicos Weg – B1 – Folge 68",de,https://s3.amazonaws.com/media.lingq.com/resources/contents/audionorm/Nicos_Weg__B1__Folge_68.2d7f2d2cc817.mp3,,82,,2026-05-24,2026-05-24
4078386,542016,"SG Dialog #8: Haustiere",de,https://slowgerman.com/folgen/sg169a.mp3,,133,,2026-05-24,2026-05-24
4148045,553021,"Nicos Weg – B1 – Folge 69",de,https://s3.amazonaws.com/media.lingq.com/resources/contents/audionorm/Nicos_Weg__B1__Folge_69.1becda8034cb.mp3,,82,,2026-05-24,2026-05-24
4148067,553021,"Nicos Weg – B1 – Folge 70",de,https://s3.amazonaws.com/media.lingq.com/resources/contents/audionorm/Nicos_Weg__B1__Folge_70.d0edec7eb721.mp3,,64,,2026-05-24,2026-05-24
4148074,553021,"Nicos Weg – B1 – Folge 71",de,https://s3.amazonaws.com/media.lingq.com/resources/contents/audionorm/Nicos_Weg__B1__Folge_71.a7211ce1ea26.mp3,,112,,2026-05-24,2026-05-24
4148122,553021,"Nicos Weg – B1 – Folge 72",de,https://s3.amazonaws.com/media.lingq.com/resources/contents/audionorm/Nicos_Weg__B1__Folge_72.b01625a3f8e4.mp3,,91,,2026-05-24,2026-05-24
4148186,553021,"Nicos Weg – B1 – Folge 73",de,https://s3.amazonaws.com/media.lingq.com/resources/contents/audionorm/Nicos_Weg__B1__Folge_73.a934cdca650a.mp3,,103,,2026-05-24,2026-05-24
4148210,553021,"Nicos Weg – B1 – Folge 74",de,https://s3.amazonaws.com/media.lingq.com/resources/contents/audionorm/Nicos_Weg__B1__Folge_74.d821e75e2ca4.mp3,,119,,2026-05-24,2026-05-24
4148265,553021,"Nicos Weg – B1 – Folge 75",de,https://s3.amazonaws.com/media.lingq.com/resources/contents/audionorm/Nicos_Weg__B1__Folge_75.4f2c746fa272.mp3,,70,,2026-05-24,2026-05-24
4148319,553021,"Nicos Weg – B1 – Folge 76",de,https://s3.amazonaws.com/media.lingq.com/resources/contents/audionorm/Nicos_Weg__B1__Folge_76.1753a3592ee8.mp3,,84,,2026-05-24,2026-05-24
4148695,553021,"Nicos Weg – B1 – Der ganze Film",de,https://s3.amazonaws.com/media.lingq.com/resources/contents/audionorm/Nicos_Weg__B1__Ganzer_Film_59_mn.ceb3972175c2.mp3,,17,,2026-05-24,2026-05-24
6313429,808220,"Faust - das Volkbuch Teil 1",de,https://s3.amazonaws.com/media.lingq.com/resources/contents/audionorm/teil_1.67a9b353d76c.mp3,,82,,2026-05-24,2026-05-24
6555243,828258,"Emil und die Detektive Teil 1",de,https://s3.amazonaws.com/media.lingq.com/resources/contents/audionorm/teil_1.ff4093792415.mp3,,131,,2026-05-24,2026-05-24
7489501,877075,"Nicos Weg– A1 – Folge 1: Hallo!",de,https://s3.amazonaws.com/media.lingq.com/resources/contents/audionorm/ydl_audio_dC6ZGLzdaTs_d527ed04.7bd06f7ea770.mp3,,15,,2026-05-24,2026-05-24
7489503,877075,"Nicos Weg – A1 – Folge 2: Kein Problem!",de,https://s3.amazonaws.com/media.lingq.com/resources/contents/audionorm/ydl_audio_upvuC9FR-xU_267af16c.8261bb8c9520.mp3,,15,,2026-05-24,2026-05-24
7489561,877075,"Nicos Weg – A1 – Folge 3: Tschüss!",de,https://s3.amazonaws.com/media.lingq.com/resources/contents/audionorm/ydl_audio_idFrq0H1Af0_87d469e5.a02bbfb30167.mp3,,29,,2026-05-24,2026-05-24
7489564,877075,"Nicos Weg – A1 – Folge 4: Von A bis Z",de,https://s3.amazonaws.com/media.lingq.com/resources/contents/audionorm/ydl_audio_-qAuGimugds_d8ebe71e.6b0dbced5456.mp3,,24,,2026-05-24,2026-05-24
7489566,877075,"Nicos Weg – A1 – Folge 5: Ich heiße Emma - YouTube",de,https://s3.amazonaws.com/media.lingq.com/resources/contents/audionorm/ydl_audio_FoYSUfsLcjA_9ab1577a.4f221fba6ef3.mp3,,7,,2026-05-24,2026-05-24
7489567,877075,"Nicos Weg – A1 – Folge 6: Das ist Nico - YouTube",de,https://s3.amazonaws.com/media.lingq.com/resources/contents/audionorm/ydl_audio_fZr-eVZ3YOs_fa052f89.da5cdeb643e5.mp3,,17,,2026-05-24,2026-05-24
7501079,877075,"Nicos Weg – A1 – Folge 7: Woher kommst du? - YouTube",de,https://s3.amazonaws.com/media.lingq.com/resources/contents/audionorm/ydl_audio_Q7ECRAQrzFc_eba8a38b.e2f3207aef32.mp3,,28,,2026-05-24,2026-05-24
7501080,877075,"Nicos Weg – A1 – Folge 8: Nico hat ein Problem - YouTube",de,https://s3.amazonaws.com/media.lingq.com/resources/contents/audionorm/ydl_audio_T89sIATrpBc_72de3c80.79a32d01eec4.mp3,,64,,2026-05-24,2026-05-24
7501083,877075,"Nicos Weg – A1 – Folge 9: Zahlen von 1 bis 100",de,https://s3.amazonaws.com/media.lingq.com/resources/contents/audionorm/ydl_audio_p1dci7nBJRo_19a15d71.842fdffe985c.mp3,,33,,2026-05-24,2026-05-24
7501084,877075,"Nicos Weg – A1 – Folge 10: Wichtige Nummern - YouTube",de,https://s3.amazonaws.com/media.lingq.com/resources/contents/audionorm/ydl_audio_5wyalwdmpzk_f0a15273.3627e14659c7.mp3,,74,,2026-05-24,2026-05-24
7501086,877075,"Nicos Weg – A1 – Folge 11: Adressen",de,https://s3.amazonaws.com/media.lingq.com/resources/contents/audionorm/ydl_audio_AI9EmNzxXGE_77ccde19.2a78df7c5d0a.mp3,,58,,2026-05-24,2026-05-24
7501087,877075,"Nicos Weg – A1 – Folge 12: Auf dem Amt",de,https://s3.amazonaws.com/media.lingq.com/resources/contents/audionorm/ydl_audio_IhLqeX8QjSg_7f6da95.15a91f984035.mp3,,66,,2026-05-24,2026-05-24
7501088,877075,"Nicos Weg – A1 – Folge 13: Was machst du hier?",de,https://s3.amazonaws.com/media.lingq.com/resources/contents/audionorm/ydl_audio_VWDtpIIAgAI_6dd42439.6db843453158.mp3,,57,,2026-05-24,2026-05-24
7501089,877075,"Nicos Weg – A1 – Folge 14: Was trinkst du? - YouTube",de,https://s3.amazonaws.com/media.lingq.com/resources/contents/audionorm/ydl_audio_J71RxF7qU2o_ad49db94.ca0337fead29.mp3,,69,,2026-05-24,2026-05-24
7501090,877075,"Nicos Weg – A1 – Folge 15: Eine Pizza, bitte! - YouTube",de,https://s3.amazonaws.com/media.lingq.com/resources/contents/audionorm/ydl_audio_w-Zea1mverM_eb411a7f.9adcf0152cd6.mp3,,56,,2026-05-24,2026-05-24
7501091,877075,"Nicos Weg – A1 – Folge 16: Zahlen , bitte!",de,https://s3.amazonaws.com/media.lingq.com/resources/contents/audionorm/ydl_audio_c7LTbMCKVNo_37fd981.e10085604775.mp3,,51,,2026-05-24,2026-05-24
7501092,877075,"Nicos Weg – A1 – Folge 17: Ich war schon in Berlin",de,https://s3.amazonaws.com/media.lingq.com/resources/contents/audionorm/ydl_audio_IQ3cDBISOao_e7aa16bf.ea49d4c6203d.mp3,,54,,2026-05-24,2026-05-24
7501093,877075,"Nicos Weg – A1 – Folge 18: Wo liegt das?",de,https://s3.amazonaws.com/media.lingq.com/resources/contents/audionorm/ydl_audio_3K991pj4Uic_7048d954.afe3733512c9.mp3,,38,,2026-05-24,2026-05-24
7501094,877075,"Nicos Weg – A1 – Folge 19: In Europa",de,https://s3.amazonaws.com/media.lingq.com/resources/contents/audionorm/ydl_audio_uJ6uLjJxX-8_dda69663.5e3304aefeef.mp3,,58,,2026-05-24,2026-05-24
7501095,877075,"Nicos Weg – A1 – Folge 20: Andere Länder",de,https://s3.amazonaws.com/media.lingq.com/resources/contents/audionorm/ydl_audio_lvgs_iLBdvY_c7ec9e27.b6c3291bb83a.mp3,,56,,2026-05-24,2026-05-24
7501096,877075,"Nicos Weg – A1 – Folge 21: Was ist das?",de,https://s3.amazonaws.com/media.lingq.com/resources/contents/audionorm/ydl_audio_9obS6QT10To_89c7e809.686e742e4e82.mp3,,34,,2026-05-24,2026-05-24
7501097,877075,"Nicos Weg – A1 – Folge 22: Wem gehört das?",de,https://s3.amazonaws.com/media.lingq.com/resources/contents/audionorm/ydl_audio_MNx10ASRCwM_7c85584c.7faaa97f1377.mp3,,36,,2026-05-24,2026-05-24
7501098,877075,"Nicos Weg – A1 – Folge 23: Ich habe kein …",de,https://s3.amazonaws.com/media.lingq.com/resources/contents/audionorm/ydl_audio_P1ontBJYzhI_66e62663.ffa05cd13779.mp3,,55,,2026-05-24,2026-05-24
7501099,877075,"Nicos Weg – A1 – Folge 24: Das Auto ist rot - YouTube",de,https://s3.amazonaws.com/media.lingq.com/resources/contents/audionorm/ydl_audio_368pARWAzGk_4ed4dc2a.c62ddee9c7d2.mp3,,23,,2026-05-24,2026-05-24
7501100,877075,"Nicos Weg – A1 – Folge 25: So wohne ich",de,https://s3.amazonaws.com/media.lingq.com/resources/contents/audionorm/ydl_audio_bbZxpdieqIA_c6efade2.e78d305c32a4.mp3,,41,,2026-05-24,2026-05-24
7501101,877075,"Nicos Weg – A1 – Folge 26: Meine Wohnung",de,https://s3.amazonaws.com/media.lingq.com/resources/contents/audionorm/ydl_audio_YRWehEtSPQY_5cc4dca4.62b6c3624dc.mp3,,67,,2026-05-24,2026-05-24
7501103,877075,"Nicos Weg – A1 – Folge 27: Sofa, Sessel und Tisch",de,https://s3.amazonaws.com/media.lingq.com/resources/contents/audionorm/ydl_audio_s9y2sCNOzBk_445611a6.ed74d529c2b0.mp3,,41,,2026-05-24,2026-05-24
7501105,877075,"Nicos Weg – A1 – Folge 28: Unser Haus",de,https://s3.amazonaws.com/media.lingq.com/resources/contents/audionorm/ydl_audio_Q-qjyb9AsqM_7faa8bc0.56c9f8a54401.mp3,,49,,2026-05-24,2026-05-24
7501106,877075,"Nicos Weg – A1 – Folge 29: Emmas Tag",de,https://s3.amazonaws.com/media.lingq.com/resources/contents/audionorm/ydl_audio_AGwxwx3TOdg_9d29bc71.bd4976cf59ba.mp3,,55,,2026-05-24,2026-05-24
7501107,877075,"Nicos Weg – A1 – Folge 30: Tageszeiten",de,https://s3.amazonaws.com/media.lingq.com/resources/contents/audionorm/ydl_audio_jUElkIpQlNw_95c86e97.c3dcb378e46d.mp3,,55,,2026-05-24,2026-05-24
7501109,877075,"Nicos Weg – A1 – Folge 31: Am Sonntag koche ich",de,https://s3.amazonaws.com/media.lingq.com/resources/contents/audionorm/ydl_audio_f9kkMWEOxo0_4d3f3fdf.5f1d0909322.mp3,,51,,2026-05-24,2026-05-24
7501111,877075,"Nicos Weg – A1 – Folge 32: Emmas Wochenende",de,https://s3.amazonaws.com/media.lingq.com/resources/contents/audionorm/ydl_audio_dqtdmvpa8D0_740e802d.bd1347e0bc49.mp3,,35,,2026-05-24,2026-05-24
7501113,877075,"Nicos Weg – A1 – Folge 33: Wie spät ist es?",de,https://s3.amazonaws.com/media.lingq.com/resources/contents/audionorm/ydl_audio_SEV3kmyQCII_f2cb6d8a.e27f226bfd8a.mp3,,65,,2026-05-24,2026-05-24
7501114,877075,"Nicos Weg – A1 – Folge 34: Hast du morgen Zeit?",de,https://s3.amazonaws.com/media.lingq.com/resources/contents/audionorm/ydl_audio_Vvt6H_EvGX0_3fe79ea5.6db515374d1a.mp3,,73,,2026-05-24,2026-05-24
7501115,877075,"Nicos Weg – A1 – Folge 35: Wann spielen wir?",de,https://s3.amazonaws.com/media.lingq.com/resources/contents/audionorm/ydl_audio__VUrkdITl8U_5ab9e805.eef4705dc3d7.mp3,,66,,2026-05-24,2026-05-24
7501116,877075,"Nicos Weg – A1 – Folge 36: Zu spät?!",de,https://s3.amazonaws.com/media.lingq.com/resources/contents/audionorm/ydl_audio_2v6H7fnWuts_cb509bed.b6f9ad93ba72.mp3,,67,,2026-05-24,2026-05-24
7501117,877075,"Nicos Weg – A1 – Folge 37: Ich bin Lehrerin",de,https://s3.amazonaws.com/media.lingq.com/resources/contents/audionorm/ydl_audio_rH8HMCr73RM_a53a94a9.7a004851ada8.mp3,,69,,2026-05-24,2026-05-24
7501118,877075,"Nicos Weg – A1 – Folge 38: Mein Beruf",de,https://s3.amazonaws.com/media.lingq.com/resources/contents/audionorm/ydl_audio_a7LZ0QAG6DQ_3b2a228d.7d5070fa0720.mp3,,68,,2026-05-24,2026-05-24
7501125,877075,"Nicos Weg – A1 – Folge 39: Wo ist der Aufzug?",de,https://s3.amazonaws.com/media.lingq.com/resources/contents/audionorm/ydl_audio_ymE5ZON70C0_edd518a.89420662f550.mp3,,49,,2026-05-24,2026-05-24
7501126,877075,"Nicos Weg – A1 – Folge 40: Traumberuf",de,https://s3.amazonaws.com/media.lingq.com/resources/contents/audionorm/ydl_audio_qaQd9wFy1l4_dc4bcd2c.4f63a2190606.mp3,,25,,2026-05-24,2026-05-24
7501127,877075,"Nicos Weg – A1 – Folge 41: Wo ist der Bahnhof?",de,https://s3.amazonaws.com/media.lingq.com/resources/contents/audionorm/ydl_audio_Fz_AuTNFa8k_301f00e0.81c3f2cf45c1.mp3,,72,,2026-05-24,2026-05-24
7501128,877075,"Nicos Weg – A1 – Folge 42: An der Ampel links",de,https://s3.amazonaws.com/media.lingq.com/resources/contents/audionorm/ydl_audio_5_pXp3akjr4_93291b51.aa1d7c65c7cc.mp3,,78,,2026-05-24,2026-05-24
7501130,877075,"Nicos Weg – A1 – Folge 43: Mit Bus und Bahn",de,https://s3.amazonaws.com/media.lingq.com/resources/contents/audionorm/ydl_audio_4us1ZoH9K04_eafb8c3e.429f681acafa.mp3,,47,,2026-05-24,2026-05-24
7501131,877075,"Nicos Weg – A1 – Folge 44: Im Büro",de,https://s3.amazonaws.com/media.lingq.com/resources/contents/audionorm/ydl_audio_dsPDJb2956A_9893ccb6.98a1fe3d7ec0.mp3,,35,,2026-05-24,2026-05-24
7501133,877075,"Nicos Weg – A1 – Folge 45: Lebensmittel",de,https://s3.amazonaws.com/media.lingq.com/resources/contents/audionorm/ydl_audio_3tq7bRB9iu0_214bbac.eb13e5ef83a5.mp3,,48,,2026-05-24,2026-05-24
7501134,877075,"Nicos Weg – A1 – Folge 46: Ich mag (nicht)!",de,https://s3.amazonaws.com/media.lingq.com/resources/contents/audionorm/ydl_audio_sEu2PqmGrgw_8f80ff9f.b08d63b27505.mp3,,68,,2026-05-24,2026-05-24
7501135,877075,"Nicos Weg – A1 – Folge 47: Haushaltsarbeit",de,https://s3.amazonaws.com/media.lingq.com/resources/contents/audionorm/ydl_audio_SIN9PejV-OI_7668329.b8a9f7dbeb1f.mp3,,51,,2026-05-24,2026-05-24
7501136,877075,"Nicos Weg – A1 – Folge 48: Was macht dir Spaß?",de,https://s3.amazonaws.com/media.lingq.com/resources/contents/audionorm/ydl_audio_KeU3-5jr2fI_5bbec760.1a6cf91ff91f.mp3,,90,,2026-05-24,2026-05-24
7501137,877075,"Nicos Weg – A1 – Folge 49: Mengen und Preise",de,https://s3.amazonaws.com/media.lingq.com/resources/contents/audionorm/ydl_audio_ySrfaSqtdfw_fc61ed64.af60cb91182d.mp3,,70,,2026-05-24,2026-05-24
7501138,877075,"Nicos Weg – A1 – Folge 50: Was darf es sein?",de,https://s3.amazonaws.com/media.lingq.com/resources/contents/audionorm/ydl_audio_dOdHXwy0cME_9027af53.6815e5c1c93a.mp3,,47,,2026-05-24,2026-05-24
7501139,877075,"Nicos Weg – A1 – Folge 51: Sonst noch etwas? - YouTube",de,https://s3.amazonaws.com/media.lingq.com/resources/contents/audionorm/ydl_audio_SRAk_KZlrwY_201f271c.c07441a4387e.mp3,,53,,2026-05-24,2026-05-24
7501141,877075,"Nicos Weg – A1 – Folge 52: Wie viel Mehl?",de,https://s3.amazonaws.com/media.lingq.com/resources/contents/audionorm/ydl_audio_0S3urnio_08_656b71a6.af566c6b08f9.mp3,,52,,2026-05-24,2026-05-24
7501144,877075,"Nicos Weg – A1 – Folge 53: Wie war dein Urlaub?",de,https://s3.amazonaws.com/media.lingq.com/resources/contents/audionorm/ydl_audio_3UJeXeiki9g_788dc318.e86f29a57b1.mp3,,51,,2026-05-24,2026-05-24
7501145,877075,"Nicos Weg – A1 – Folge 54: Jahreszeiten",de,https://s3.amazonaws.com/media.lingq.com/resources/contents/audionorm/ydl_audio_b4ki5lMyd4Q_b6c62779.4daaf7452fc2.mp3,,45,,2026-05-24,2026-05-24
7501151,877075,"Nicos Weg – A1 – Folge 55: Der Ausflug",de,https://s3.amazonaws.com/media.lingq.com/resources/contents/audionorm/ydl_audio_chmqnserFqM_cbf7c384.d6a6484571c3.mp3,,59,,2026-05-24,2026-05-24
7501159,877075,"Nicos Weg – A1 – Folge 56: Wie wird das Wetter?",de,https://s3.amazonaws.com/media.lingq.com/resources/contents/audionorm/ydl_audio_qL1hgrjJScY_db75a020.59ce10cbf3d4.mp3,,55,,2026-05-24,2026-05-24
7501165,877075,"Nicos Weg – A1 – Folge 57: Das ist jetzt modern",de,https://s3.amazonaws.com/media.lingq.com/resources/contents/audionorm/ydl_audio_DiNQle2s1lQ_ce232759.53ab2a77366e.mp3,,48,,2026-05-24,2026-05-24
7501176,877075,"Nicos Weg – A1 – Folge 58: Mein Lieblingspulli",de,https://s3.amazonaws.com/media.lingq.com/resources/contents/audionorm/ydl_audio_9iJnx2PESSk_4d7e6c52.e315298866cd.mp3,,65,,2026-05-24,2026-05-24
7501196,877075,"Nicos Weg – A1 – Folge 59: Das passt gut!",de,https://s3.amazonaws.com/media.lingq.com/resources/contents/audionorm/ydl_audio_pCRS-oxE61k_3f0be928.12630960099e.mp3,,50,,2026-05-24,2026-05-24
7501211,877075,"Nicos Weg – A1 – Folge 60: Schick!",de,https://s3.amazonaws.com/media.lingq.com/resources/contents/audionorm/ydl_audio_eYaoCcvPd_U_78c4ee9f.14b7bcbcdcee.mp3,,59,,2026-05-24,2026-05-24
7501229,877075,"Nicos Weg – A1 – Folge 61: Meine Familie",de,https://s3.amazonaws.com/media.lingq.com/resources/contents/audionorm/ydl_audio_6CQ32OWDyq4_d6aa8529.c2fb71cf510f.mp3,,57,,2026-05-24,2026-05-24
7501242,877075,"Nicos Weg – A1 – Folge 62: Meine Eltern",de,https://s3.amazonaws.com/media.lingq.com/resources/contents/audionorm/ydl_audio_KJ-icYRJ29s_eea989c0.ed1926438544.mp3,,58,,2026-05-24,2026-05-24
7501254,877075,"Nicos Weg – A1 – Folge 63: Meine Tante",de,https://s3.amazonaws.com/media.lingq.com/resources/contents/audionorm/ydl_audio_4U9iAmC3rFQ_fa86d910.756913c4e2b3.mp3,,45,,2026-05-24,2026-05-24
7501264,877075,"Nicos Weg – A1 – Folge 64: Mein Bruder",de,https://s3.amazonaws.com/media.lingq.com/resources/contents/audionorm/ydl_audio_oJmH9eD7Lao_abd2a55d.4a4f5669ae1d.mp3,,44,,2026-05-24,2026-05-24
7501279,877075,"Nicos Weg – A1 – Folge 65: Von Kopf bis Fuß",de,https://s3.amazonaws.com/media.lingq.com/resources/contents/audionorm/ydl_audio_otY2T26FOP0_4738a53e.7d33a99672ca.mp3,,71,,2026-05-24,2026-05-24
7501312,877075,"Nicos Weg – A1 – Folge 66: Bist du fit?",de,https://s3.amazonaws.com/media.lingq.com/resources/contents/audionorm/ydl_audio_B7MMM3SrSlg_bcf32c55.6cfa92fdb7bc.mp3,,48,,2026-05-24,2026-05-24
7501349,877075,"Nicos Weg – A1 – Folge 67: Fitness",de,https://s3.amazonaws.com/media.lingq.com/resources/contents/audionorm/ydl_audio_826-EwY51Fw_9817e1e4.bbc6e58564d5.mp3,,64,,2026-05-24,2026-05-24
7501359,877075,"Nicos Weg – A1 – Folge 68: Ist das gesund?",de,https://s3.amazonaws.com/media.lingq.com/resources/contents/audionorm/ydl_audio_DiMQTg7D7Ao_b57f2b6d.ad466cf28d5d.mp3,,35,,2026-05-24,2026-05-24
7501360,877075,"Nicos Weg – A1 – Folge 69: Geht es dir gut?",de,https://s3.amazonaws.com/media.lingq.com/resources/contents/audionorm/ydl_audio_0b66BzvKgMY_fe7b1c2b.118a0298f12.mp3,,42,,2026-05-24,2026-05-24
7501361,877075,"Nicos Weg – A1 – Folge 70: Beim Arzt",de,https://s3.amazonaws.com/media.lingq.com/resources/contents/audionorm/ydl_audio_cTJ1KFzmhbc_b118087c.7ebd95e13224.mp3,,70,,2026-05-24,2026-05-24
7501362,877075,"Nicos Weg – A1 – Folge 71: Gute Besserung!",de,https://s3.amazonaws.com/media.lingq.com/resources/contents/audionorm/ydl_audio_ilp0CwKxdbY_c996a8e3.b1e90ade0d98.mp3,,43,,2026-05-24,2026-05-24
7501364,877075,"Nicos Weg – A1 – Folge 72: Nehmen Sie …",de,https://s3.amazonaws.com/media.lingq.com/resources/contents/audionorm/ydl_audio_VWomWeeqsAk_2fe6ae85.44d9df6cf70.mp3,,61,,2026-05-24,2026-05-24
7501365,877075,"Nicos Weg – A1 – Folge 73: Meine Heimat",de,https://s3.amazonaws.com/media.lingq.com/resources/contents/audionorm/ydl_audio_mkXWqvL3-hA_a5368d40.b59ea643b47a.mp3,,62,,2026-05-24,2026-05-24
7501367,877075,"Nicos Weg – A1 – Folge 74: Leben in Deutschland",de,https://s3.amazonaws.com/media.lingq.com/resources/contents/audionorm/ydl_audio_ppIFbtiL1kQ_f3d67ab0.60e15cfed2fe.mp3,,66,,2026-05-24,2026-05-24
7501368,877075,"Nicos Weg – A1 – Folge 75: Anders als zu Hause",de,https://s3.amazonaws.com/media.lingq.com/resources/contents/audionorm/ydl_audio_k8_8CA5Ls94_7e23e61e.743274da2c93.mp3,,62,,2026-05-24,2026-05-24
7501370,877075,"Nicos Weg - A1 - Folge 76: Ich träume von …",de,https://s3.amazonaws.com/media.lingq.com/resources/contents/audionorm/ydl_audio_bgnox1SRrw8_ed3b3ba4.8185744a7072.mp3,,52,,2026-05-24,2026-05-24
7501509,877075,"Rückblick A1 | Deutsch lernen mit der DW | Nicos Weg |",de,https://s3.amazonaws.com/media.lingq.com/resources/contents/audionorm/ydl_audio_S_haCcudQZk_9ebc5099.a2f1d3507f3d.mp3,,118,,2026-05-24,2026-05-24
10182057,989898,"Die Nachbarn Kapitel 1 Georg",de,https://s3.amazonaws.com/media.lingq.com/resources/contents/audionorm/02_Track02.68a4ca1cc364.mp3,,223,,2026-05-24,2026-05-24
10209645,989898,"Die Nachbarn Kapitel 2 Die Nachbarn",de,https://s3.amazonaws.com/media.lingq.com/resources/contents/audionorm/04_Track04.647f39a68848.mp3,,213,,2026-05-24,2026-05-24
10353220,989898,"Die Nachbarn Kapitel 3 Georgs Nachforschungen",de,https://s3.amazonaws.com/media.lingq.com/resources/contents/audionorm/06_Track06.a7e8aa49fc59.mp3,,181,,2026-05-24,2026-05-24
10353540,989898,"Die Nachbarn Kapitel 4 Auf der Polizeiwache",de,https://s3.amazonaws.com/media.lingq.com/resources/contents/audionorm/08_Track08.28ce35c320b5.mp3,,174,,2026-05-24,2026-05-24
10356257,989898,"Georgs Nachforschungen 5 Der Tag der Beerdigung",de,https://s3.amazonaws.com/media.lingq.com/resources/contents/audionorm/10_Track10.f9f480e9ed1.mp3,,190,,2026-05-24,2026-05-24
10356411,989898,"Die Nachbarn Kapitel 6 Angst",de,https://s3.amazonaws.com/media.lingq.com/resources/contents/audionorm/12_Track12.801953bdd541.mp3,,164,,2026-05-24,2026-05-24
10356507,989898,"Die Nachbarn Kapitel 7 Die Lösung",de,https://s3.amazonaws.com/media.lingq.com/resources/contents/audionorm/14_Track14.3037d89df2db.mp3,,193,,2026-05-24,2026-05-24
11355249,1122003,"Wolfgang Borchert: Nachts schlafen die Ratten doch",de,https://s3.amazonaws.com/media.lingq.com/resources/contents/audionorm/Wolfgang_Borchert_-_Nachts_schlafen_die_Ratten_doch.d1ab40246470.mp3,,294,,2026-05-24,2026-05-24
18463330,1228549,"Erstes Kapitel - Herr Sherlock Holmes - 01",de,https://s3.amazonaws.com/media.lingq.com/resources/contents/audionorm/Der_Hund_der_Baskervilles_-_01.753c27559d7a.mp3,,446,,2026-05-24,2026-05-24
21804296,1328274,"1. Das Pferd auf dem Kirchdach",de,https://s3.amazonaws.com/media.lingq.com/resources/contents/audionorm/tmp/norm_audio_out_81e09020.c14927f45dfb.mp3,,370,,2026-05-24,2026-05-24
21809817,1328387,"Kapitel 1. Der Besucher aus Kessin",de,https://s3.amazonaws.com/media.lingq.com/resources/contents/audionorm/tmp/norm_audio_out_83870b2a.e9e09c1bda6c.mp3,,457,,2026-05-24,2026-05-24
25428829,1481111,"1 - Über seine Familie sprechen",de,https://s3.amazonaws.com/media.lingq.com/resources/contents/audionorm/1_-_%C3%9Cber_seine_Familie_sprechen.bd11f3a9afac.mp3,,134,,2026-05-24,2026-05-24
25429176,1481111,"2 - Von seiner Kindheit erzählen",de,https://s3.amazonaws.com/media.lingq.com/resources/contents/audionorm/2_-_Von_seiner_Kindheit_erz%C3%A4hlen.6f7e93e16804.mp3,,107,,2026-05-24,2026-05-24
25429602,1481111,"3 - Über Gefühle sprechen",de,https://s3.amazonaws.com/media.lingq.com/resources/contents/audionorm/3_-_%C3%9Cber_Gef%C3%BChle_sprechen.48f48dd9c7d0.mp3,,106,,2026-05-24,2026-05-24
25429877,1481111,"4 - Ein Haus beschreiben",de,https://s3.amazonaws.com/media.lingq.com/resources/contents/audionorm/4_-_Ein_Haus_beschreiben.5054061ddd12.mp3,,121,,2026-05-24,2026-05-24
25429905,1481111,"5 - Eine Wohnung suchen",de,https://s3.amazonaws.com/media.lingq.com/resources/contents/audionorm/5_-_Eine_Wohnung_suchen.18c88133bf19.mp3,,91,,2026-05-24,2026-05-24
25429973,1481111,"6 - Auf den Markt gehen",de,https://s3.amazonaws.com/media.lingq.com/resources/contents/audionorm/6_-_Auf_den_Markt_gehen.17045bcb6352.mp3,,97,,2026-05-24,2026-05-24
25429988,1481111,"7 - In den Supermarkt gehen",de,https://s3.amazonaws.com/media.lingq.com/resources/contents/audionorm/7_-_In_den_Supermarkt_gehen.31f8773f5486.mp3,,76,,2026-05-24,2026-05-24
25430002,1481111,"8 - Einen Job suchen",de,https://s3.amazonaws.com/media.lingq.com/resources/contents/audionorm/8_-_Einen_Job_suchen.9d3d081b64ba.mp3,,105,,2026-05-24,2026-05-24
25430016,1481111,"9 - Im Büro arbeiten",de,https://s3.amazonaws.com/media.lingq.com/resources/contents/audionorm/9_-_Im_B%C3%BCro_arbeiten.cee1921c32bd.mp3,,121,,2026-05-24,2026-05-24
25430066,1481111,"10 - Sich in einem Gebäude zurechtfinden",de,https://s3.amazonaws.com/media.lingq.com/resources/contents/audionorm/10_-_Sich_in_einem_Geb%C3%A4ude_zurechtfinden.c4a4e9401742.mp3,,106,,2026-05-24,2026-05-24
25447637,1481111,"11 - Zum Arzt gehen",de,https://s3.amazonaws.com/media.lingq.com/resources/contents/audionorm/11_-_Zum_Arzt_gehen.7eeceebc3947.mp3,,96,,2026-05-24,2026-05-24
25447733,1481111,"12 - Ins Krankenhaus gehen",de,https://s3.amazonaws.com/media.lingq.com/resources/contents/audionorm/12_-_Ins_Krankenhaus_gehen.c3b0975f7f79.mp3,,112,,2026-05-24,2026-05-24
25447760,1481111,"13 - Den Weg in der Stadt finden",de,https://s3.amazonaws.com/media.lingq.com/resources/contents/audionorm/13_-_Den_Weg_in_der_Stadt_finden.bbaf9ceae05f.mp3,,126,,2026-05-24,2026-05-24
25447780,1481111,"14 - Mit dem Auto durch die Stadt fahren",de,https://s3.amazonaws.com/media.lingq.com/resources/contents/audionorm/14_-_Mit_dem_Auto_durch_die_Stadt_fahren.bb48c0783a4a.mp3,,92,,2026-05-24,2026-05-24
25447809,1481111,"15 - Einkaufen gehen (Kleidung)",de,https://s3.amazonaws.com/media.lingq.com/resources/contents/audionorm/15_-_Einkaufen_gehen_Kleidung.bc36816a2865.mp3,,108,,2026-05-24,2026-05-24
25447997,1481111,"16 - Ins Restaurant gehen",de,https://s3.amazonaws.com/media.lingq.com/resources/contents/audionorm/16_-_Ins_Restaurant_gehen.92d3454fae3b.mp3,,109,,2026-05-24,2026-05-24
25448463,1481111,"17 - Essen zubereiten",de,https://s3.amazonaws.com/media.lingq.com/resources/contents/audionorm/17_-_Essen_zubereiten.c69845cbab76.mp3,,122,,2026-05-24,2026-05-24
25448525,1481111,"18 - Über das Wetter sprechen",de,https://s3.amazonaws.com/media.lingq.com/resources/contents/audionorm/18_-_%C3%9Cber_das_Wetter_sprechen.855ccb849ea6.mp3,,107,,2026-05-24,2026-05-24
25448584,1481111,"19 - Eine Reise machen",de,https://s3.amazonaws.com/media.lingq.com/resources/contents/audionorm/19_-_Eine_Reise_machen.6604f0e8824.mp3,,114,,2026-05-24,2026-05-24
25448620,1481111,"20 - Von den Ferien erzählen",de,https://s3.amazonaws.com/media.lingq.com/resources/contents/audionorm/20_-_Von_den_Ferien_erz%C3%A4hlen.3702e9aae516.mp3,,134,,2026-05-24,2026-05-24
25448637,1481111,"21 - Über kulturelle Gewohnheiten sprechen",de,https://s3.amazonaws.com/media.lingq.com/resources/contents/audionorm/21_-_%C3%9Cber_kulturelle_Gewohnheiten_sprechen.78b3095a9f03.mp3,,188,,2026-05-24,2026-05-24
25448667,1481111,"22 - Über seine Hobbys sprechen",de,https://s3.amazonaws.com/media.lingq.com/resources/contents/audionorm/22_-_%C3%9Cber_seine_Hobbys_sprechen.8860e267c0e0.mp3,,144,,2026-05-24,2026-05-24
25448734,1481111,"23 - Sport machen",de,https://s3.amazonaws.com/media.lingq.com/resources/contents/audionorm/23_-_Sport_machen.7f7ec90837e2.mp3,,102,,2026-05-24,2026-05-24
25448774,1481111,"24 - Zur Bank gehen",de,https://s3.amazonaws.com/media.lingq.com/resources/contents/audionorm/24_-_Zur_Bank_gehen.78e811f54a6f.mp3,,129,,2026-05-24,2026-05-24
25448810,1481111,"25 - Telefonieren",de,https://s3.amazonaws.com/media.lingq.com/resources/contents/audionorm/25_-_Telefonieren.68d5639267fb.mp3,,97,,2026-05-24,2026-05-24
25448818,1481111,"26 - E-Mails schreiben",de,https://s3.amazonaws.com/media.lingq.com/resources/contents/audionorm/26_-_E-Mails_schreiben.d2ffbb6e1686.mp3,,133,,2026-05-24,2026-05-24
25449089,1481111,"27 - Über die Schule sprechen",de,https://s3.amazonaws.com/media.lingq.com/resources/contents/audionorm/27_-_%C3%9Cber_die_Schule_sprechen.e664f37ff731.mp3,,140,,2026-05-24,2026-05-24
25449414,1481111,"28 - Über das Leben an der Universität sprechen",de,https://s3.amazonaws.com/media.lingq.com/resources/contents/audionorm/28_-_%C3%9Cber_das_Leben_an_der_Universit%C3%A4t_sprechen.d7c1244667cd.mp3,,139,,2026-05-24,2026-05-24
25449473,1481111,"29 - Über verschiedene Lebensstile sprechen",de,https://s3.amazonaws.com/media.lingq.com/resources/contents/audionorm/29_-_%C3%9Cber_verschiedene_Lebensstile_sprechen.356255189253.mp3,,132,,2026-05-24,2026-05-24
25449552,1481111,"30 - Über die Umwelt sprechen",de,https://s3.amazonaws.com/media.lingq.com/resources/contents/audionorm/30_-_%C3%9Cber_die_Umwelt_sprechen.bfff53df1d17.mp3,,151,,2026-05-24,2026-05-24
29568893,1666623,"169-Woher kommen die Ortsnamen Sorge und Elend",de,https://s3.amazonaws.com/media.lingq.com/resources/contents/audionorm/tmp/norm_audio_out_84f3fa5b.e3576f6a1212.mp3,,82,,2026-05-24,2026-05-24
30276978,1696460,"AUDIO 01",de,https://s3.amazonaws.com/media.lingq.com/resources/contents/audionorm/tmp/norm_audio_out_8d003dcb.c9949a8930b3.mp3,,48,,2026-05-24,2026-05-24
30277012,1696460,"AUDIO 02",de,https://s3.amazonaws.com/media.lingq.com/resources/contents/audionorm/tmp/norm_audio_out_8966e51c.ca5236e03056.mp3,,267,,2026-05-24,2026-05-24
35743190,2013160,"Ali Baba und die vierzig Räuber 3",de,https://s3.amazonaws.com/media.lingq.com/resources/contents/audionorm/tmp/norm_audio_in_35743190.c4cbc10a613.mp3,,538,,2026-05-24,2026-05-24
36873271,2122932,"B1 - Linie 1 - Kapitel 12 - S182 - ÜBUNGEN 1a",de,https://s3.amazonaws.com/media.lingq.com/resources/contents/audionorm/tts_audio_36873271_31238fc8.5483c6d0a133.mp3,,99,,2026-05-24,2026-05-24
36887012,2122932,"2025-02-25 - Hausaufgabe- Beantworten Sie folgende Fragen",de,,,51,,2026-05-24,2026-05-24
36887199,2122932,"B1 - K12 - S177 - 3b",de,,,92,,2026-05-24,2026-05-24
36888685,2122932,"B1 - K12 - S179 - Script 3.45",de,https://s3.amazonaws.com/media.lingq.com/resources/contents/audionorm/tts_audio_36888685_5b22777d.6a6f171f4286.mp3,,58,,2026-05-24,2026-05-24
36888840,2122932,"B1 - K12 - S184 - Übung 3d",de,https://s3.amazonaws.com/media.lingq.com/resources/contents/audionorm/tts_audio_36888840_ae2286d8.4a92792ce127.mp3,,62,,2026-05-24,2026-05-24
36892695,2122932,"B1 - K12 - S185 - übung 4d",de,,,84,,2026-05-24,2026-05-24
36892934,2122932,"B1 - K12 - S186 - Übung 5a",de,https://s3.amazonaws.com/media.lingq.com/resources/contents/audionorm/tts_audio_36892934_747a8d7.e6356cd0737.mp3,,54,,2026-05-24,2026-05-24
36893334,2122932,"B1 - K12 - S186 - Übung 5a (Version 2)",de,https://s3.amazonaws.com/media.lingq.com/resources/contents/audionorm/tts_audio_36893334_13677007.18ff2786c8f.mp3,,47,,2026-05-24,2026-05-24
36894876,1019491,"Tagesschau in 100 Sekunden — 26.02.2025",de,https://s3.amazonaws.com/media.lingq.com/resources/contents/audionorm/TV-20250227-0500-2500.webs.h264.9093429ec109.mp3,,140,,2026-05-24,2026-05-24
36902923,2122932,"B1 - K12 - Ubung 5a (full)",de,,,54,,2026-05-24,2026-05-24
36903487,2122932,"B1 - K12 - S180 - Script 3.46",de,,,161,,2026-05-24,2026-05-24
36906387,2122932,"B1 - K12 - S191 - Testtraining - ok",de,https://s3.amazonaws.com/media.lingq.com/resources/contents/audionorm/tmp/norm_audio_in_36906387.fae4c373a591.mp3,,171,,2026-05-24,2026-05-24
36922661,2122932,"DTZ - Modelltest 1 Hören",de,https://s3.amazonaws.com/media.lingq.com/resources/contents/audionorm/tmp/norm_audio_in_36922661.853af7d8c501.mp3,,575,,2026-05-24,2026-05-24
36973178,2122932,"DTZ Sprechen Teil 2 - A",de,https://s3.amazonaws.com/media.lingq.com/resources/contents/audionorm/tts_audio_36973178_99da84c7.27fe55051e8a.mp3,,146,,2026-05-24,2026-05-24
36991069,2134209,"B1 - K13 - S194 - 2a",de,,,143,,2026-05-24,2026-05-24
36991372,2134209,"B1 - K13 - Sprechen Teil 2 ""über Erfahrungen sprechen""",de,https://s3.amazonaws.com/media.lingq.com/resources/contents/audionorm/tts_audio_36991372_ff52fefd.48cb745b56b9.mp3,,122,,2026-05-24,2026-05-24
37006709,2122932,"B1 - K13 - S195 - 3a",de,,,72,,2026-05-24,2026-05-24
37006811,2134209,"B1 - K13 - S195 - 3a - Audio 4.09",de,,,120,,2026-05-24,2026-05-24
37007309,2134209,"B1 - K13 - S196 - 4a - Eine E-Mail vom Kinderheim",de,,,125,,2026-05-24,2026-05-24
37020529,2134209,"B1 - K13 - S202 - Übung 4a - reflexive Verben",de,,,56,,2026-05-24,2026-05-24
37022000,2134209,"B1 - K13 - S202 - Übung 4b",de,,,31,,2026-05-24,2026-05-24
37023515,2134209,"B1 - K13 - S197 - 5 Und Sie",de,,,41,,2026-05-24,2026-05-24
37023775,2134209,"B1 - K14 - 1a - Familie Kulagin",de,,,35,,2026-05-24,2026-05-24
37023931,2134209,"B1 - K14 - Script 4.16",de,https://s3.amazonaws.com/media.lingq.com/resources/contents/audionorm/B1_-_K14_-_Script_4.16.8d6ffbf956e0.mp3,,110,,2026-05-24,2026-05-24
37024457,2134209,"B1 - K14 - 1d",de,,,44,,2026-05-24,2026-05-24
37025066,2134209,"B1 - K14 - S208 - Script 4.17",de,https://s3.amazonaws.com/media.lingq.com/resources/contents/audionorm/B1_-_K14_-_Script_4.17.30343fa33f66.mp3,,104,,2026-05-24,2026-05-24
37025156,2134209,"B1 - K14 - S208 - Script 4.18",de,https://s3.amazonaws.com/media.lingq.com/resources/contents/audionorm/B1_-_K14_-_Script_4.18.3c61bfff9dbb.mp3,,172,,2026-05-24,2026-05-24
37037022,2138497,"DTZ - Đề 1 - Schreiben",de,,,149,,2026-05-24,2026-05-24
37039200,2138681,2025-03-07,de,,,36,,2026-05-24,2026-05-24
37039238,2134209,"B1 - K14 - S208 - 2 Und Sie",de,,,57,,2026-05-24,2026-05-24
37041216,2138497,"DTZ - Đề 1 - Sprechen Teil 3",de,,,144,,2026-05-24,2026-05-24
37041582,2138497,"DTZ - Đề 1 - Sprechen Teil 3 (2)",de,,,214,,2026-05-24,2026-05-24
37041674,2138923,"DTZ - Đề 1 - Sprechen Teil 3 (2)",de,,,106,,2026-05-24,2026-05-24
37044112,2139238,"DTZ Telc B1 Mündliche Prüfung Teil 3 | etwas zusammen planen",de,https://s3.amazonaws.com/media.lingq.com/resources/contents/audionorm/tmp/norm_audio_in_37044112.92f8b3af3d42.mp3,,239,,2026-05-24,2026-05-24
37076062,2138681,"2025-03-10 - Email Athina",de,,,107,,2026-05-24,2026-05-24
37083614,2143272,Netflix,de,,,305,,2026-05-24,2026-05-24
37086538,2138497,"DTZ - 2 - Lesen",de,,,545,,2026-05-24,2026-05-24
37086670,2138681,"Montag, 10. März 2025",de,,,35,,2026-05-24,2026-05-24
37087381,2138497,"DTZ - 2 - Horen",de,https://s3.amazonaws.com/media.lingq.com/resources/contents/audionorm/tmp/norm_audio_in_37087381.1b295905971c.mp3,,483,,2026-05-24,2026-05-24
37088765,2134209,"B1 - K13 - S202 - Ubung 4d",de,,,35,,2026-05-24,2026-05-24
37105185,2145073,"DTZ Sprechen Teil 1 - 2025-03-11",de,,,76,,2026-05-24,2026-05-24
37105706,2145073,"DTZ Spreren Teil 1 - Fragen & Antworten",de,,,142,,2026-05-24,2026-05-24
37107568,2134209,"B1 - K14 - S211 - Audio 4.20",de,https://s3.amazonaws.com/media.lingq.com/resources/contents/audionorm/B1_-_K14_-_Audio_4.20.e058ec683f64.mp3,,122,,2026-05-24,2026-05-24
37107635,2134209,"B1 - K14 - S211 - 5d",de,,,19,,2026-05-24,2026-05-24
37148704,2148993,"Prüfungstraining DTZ - 1 (79)",de,,,81,,2026-05-24,2026-05-24
37157666,2149682,"Leben in Deutschland - Audio 24",de,https://s3.amazonaws.com/media.lingq.com/resources/contents/audionorm/tmp/norm_audio_in_37157666.5fbbf2b63950.mp3,,111,,2026-05-24,2026-05-24
37179199,2152050,"E-Mail HP - 2025-03-16",de,,,47,,2026-05-24,2026-05-24
37180995,2145073,"DTZ Sprechen Teil 1 - 2025-03-16",de,https://s3.amazonaws.com/media.lingq.com/resources/contents/audionorm/tts_audio_37180995_61bebdfc.347397cf1061.mp3,,46,,2026-05-24,2026-05-24
37191781,2153576,"DTZ Mündliche Prüfung Teil 2 | Bildbeschreibung",de,https://s3.amazonaws.com/media.lingq.com/resources/contents/audionorm/tmp/norm_audio_in_37191781.7cd4f17ec3c3.mp3,,342,,2026-05-24,2026-05-24
37203315,2149682,"Leben in Deutschland - S99 - 2d",de,,,115,,2026-05-24,2026-05-24
37203980,2149682,"Leben in Deutschland - S101 - 3d",de,,,117,,2026-05-24,2026-05-24
37217577,2149682,"Leben in Deutschland - S102 - 5a",de,,,77,,2026-05-24,2026-05-24
37217640,2149682,"Leben in Deutschland - S103 - 5b",de,,,84,,2026-05-24,2026-05-24
37218355,2149682,"Leben in Deutschland - S104 - Erziehung und Bildung - 1",de,,,75,,2026-05-24,2026-05-24
37218422,2149682,"Leben in Deutschland - S104 - Meine Kindheit und Erziehung",de,,,70,,2026-05-24,2026-05-24
37218549,2149682,"Leben in Deutschland - S104 - Erziehung und Bildung - 2a",de,,,106,,2026-05-24,2026-05-24
37218663,2149682,"S104 - Erziehungsstile in Deutschland und Vietnam",de,,,84,,2026-05-24,2026-05-24
37219096,2149682,"S106 - Das Schulsystem in Vietnam",de,,,42,,2026-05-24,2026-05-24
37219135,2149682,"S106 - 1b - Mein Schulwissen und was ich heute noch brauche",de,,,31,,2026-05-24,2026-05-24
37229549,2153576,"Sprechen Teil 2 - Beispiel 1",de,https://s3.amazonaws.com/media.lingq.com/resources/contents/audionorm/tmp/norm_audio_in_37229549.9dd055c9e781.mp3,,78,,2026-05-24,2026-05-24
37237458,2149682,"S108 - 2c - Text B",de,,,62,,2026-05-24,2026-05-24
37237550,2149682,"S108 - 2C - Text C",de,,,66,,2026-05-24,2026-05-24
37237746,2149682,"S108 - 2c - Lösung des Aufgaben",de,,,95,,2026-05-24,2026-05-24
37238396,2149682,"S113 - Verantwortung der Eltern in der Erziehung",de,,,45,,2026-05-24,2026-05-24
37238554,2149682,"S113 - Altersgrenzen im Jugendschutzgesetz",de,,,45,,2026-05-24,2026-05-24
37246829,2153576,"Sprechen Teil 2 - Geschwister auf dem Sofa - 2025-03-20",de,,,78,,2026-05-24,2026-05-24
37267410,2149682,"S121 - Slimane Arroudj – Ein echtes Vorbild",de,,,43,,2026-05-24,2026-05-24
37271890,2153576,"Sprechen Teil 2 - Beispiel 2",de,https://s3.amazonaws.com/media.lingq.com/resources/contents/audionorm/tmp/norm_audio_in_37271890.97bde5b6d432.mp3,,65,,2026-05-24,2026-05-24
37280245,2153576,"B1-Prüfung _ ein Bild beschreiben intensiv Training",de,https://s3.amazonaws.com/media.lingq.com/resources/contents/audionorm/tmp/norm_audio_in_37280245.f27b462dabea.mp3,,733,,2026-05-24,2026-05-24
37292971,2153576,"1 - Frühstück mit der Familie",de,,,63,,2026-05-24,2026-05-24
37325280,2149682,"S127 - Leben in Deutschland - Audio 26 - 2a",de,https://s3.amazonaws.com/media.lingq.com/resources/contents/audionorm/tmp/norm_audio_in_37325280.8a7ffa8de77c.mp3,,98,,2026-05-24,2026-05-24
37331931,2149682,"Leben in Deutschland - S129 - 2b",de,,,84,,2026-05-24,2026-05-24
37332009,2149682,"Leben in Deutschland - S130 - 3a",de,,,92,,2026-05-24,2026-05-24
37347393,2149682,"S134 - Leben in Deutschland - 2",de,,,165,,2026-05-24,2026-05-24
37347960,2169238,Part,de,,,148,,2026-05-24,2026-05-24
37348222,2149682,"S138 - Leben in Deutschland - Audio 27",de,https://s3.amazonaws.com/media.lingq.com/resources/contents/audionorm/Track_027.c1d38f6742dc.mp3,,125,,2026-05-24,2026-05-24
37362292,2149682,"S139 - Religiöse Regeln und moderne Welt",de,,,51,,2026-05-24,2026-05-24
37362333,2149682,"S139 - Zusammenleben mit und ohne Religion",de,,,54,,2026-05-24,2026-05-24
37363170,2149682,"S140 - Mein neues Bild von Deutschland",de,,,96,,2026-05-24,2026-05-24
37377879,2149682,"S64 - Audio 8",de,https://s3.amazonaws.com/media.lingq.com/resources/contents/audionorm/tmp/norm_audio_in_37377879.82560143c582.mp3,,92,,2026-05-24,2026-05-24
37378413,2149682,"S66 - Teilung Deutschlands in DDR und BRD",de,https://s3.amazonaws.com/media.lingq.com/resources/contents/audionorm/Track_009.61c1948898a6.mp3,,93,,2026-05-24,2026-05-24
37380910,2139238,"Geburtstagsfeier für Kollegin",de,https://s3.amazonaws.com/media.lingq.com/resources/contents/audionorm/Geburtstagsfeier-fBCr-Kollegin_35812419_1743206845.594d8d561daa.mp3,,127,,2026-05-24,2026-05-24
37384732,2139238,"Abschiedsfeier für eine Kollegin",de,https://s3.amazonaws.com/media.lingq.com/resources/contents/audionorm/tmp/norm_audio_in_37384732.61dde77e1bb4.mp3,,128,,2026-05-24,2026-05-24
37384822,2153576,"3 - Hochzeitspaar im Freien",de,https://s3.amazonaws.com/media.lingq.com/resources/contents/audionorm/tmp/norm_audio_in_37384822.cb0743f26ddd.mp3,,72,,2026-05-24,2026-05-24
37398956,2139238,"Hoffest gemeinsam planen",de,https://s3.amazonaws.com/media.lingq.com/resources/contents/audionorm/tmp/norm_audio_in_37398956.64f4d49f723.mp3,,110,,2026-05-24,2026-05-24
37399016,2153576,"Zwei Frauen im Café",de,https://s3.amazonaws.com/media.lingq.com/resources/contents/audionorm/2_phu_nu_quan_cafe_Heinrich_-_2.d396f2bb689b.mp3,,73,,2026-05-24,2026-05-24
37413647,2153576,"Zwei Frauen im Café - 2025-03-21",de,https://s3.amazonaws.com/media.lingq.com/resources/contents/audionorm/tmp/norm_audio_in_37413647.bb6467469433.mp3,,73,,2026-05-24,2026-05-24
37428455,2139238,"Einer Teilnehmerin beim Umzug helfen",de,https://s3.amazonaws.com/media.lingq.com/resources/contents/audionorm/tmp/norm_audio_in_37428455.e689a4675869.mp3,,128,,2026-05-24,2026-05-24
37428599,2153576,"5- Eine Frau im Wohnzimmer",de,https://s3.amazonaws.com/media.lingq.com/resources/contents/audionorm/tmp/norm_audio_in_37428599.b90cde3484fe.mp3,,72,,2026-05-24,2026-05-24
37438970,2145073,2025-04-02,de,https://s3.amazonaws.com/media.lingq.com/resources/contents/audionorm/Hoi_dap_1.cddb062cc49b.mp3,,123,,2026-05-24,2026-05-24
37451792,2153576,"5- Eine Frau im Wohnzimmer - 2025-04-02",de,https://s3.amazonaws.com/media.lingq.com/resources/contents/audionorm/tmp/norm_audio_in_37451792.22929b3980d1.mp3,,57,,2026-05-24,2026-05-24
37452467,2153576,"6- Mann liest Zeitung im Park",de,https://s3.amazonaws.com/media.lingq.com/resources/contents/audionorm/tmp/norm_audio_in_37452467.895c7dc087be.mp3,,60,,2026-05-24,2026-05-24
37457100,2139238,"Aufzug kaputt – gemeinsam handeln",de,https://s3.amazonaws.com/media.lingq.com/resources/contents/audionorm/tmp/norm_audio_in_37457100.aad690d1ccb0.mp3,,96,,2026-05-24,2026-05-24
37550376,2139238,"Gemeinsam für die Prüfung lernen",de,https://s3.amazonaws.com/media.lingq.com/resources/contents/audionorm/tmp/norm_audio_in_37550376.2aa114335733.mp3,,95,,2026-05-24,2026-05-24
37550423,2139238,"Einen Ausflug mit einem Freund planen",de,https://s3.amazonaws.com/media.lingq.com/resources/contents/audionorm/tmp/norm_audio_in_37550423.1bd05d8ece12.mp3,,108,,2026-05-24,2026-05-24
37561485,2139238,"S3 - Letzter Kurstag – Party und Kochen planen",de,https://s3.amazonaws.com/media.lingq.com/resources/contents/audionorm/S3_-_Letzter_Kurstag__Party_und_Kochen_planen.b627a542264c.mp3,,119,,2026-05-24,2026-05-24
37570166,2188522,"DTZ Schreiben 01",de,,,80,,2026-05-24,2026-05-24
37570399,2188522,"DTZ Schreiben 02",de,,,72,,2026-05-24,2026-05-24
37570766,2188522,"DTZ Schreiben 03",de,,,68,,2026-05-24,2026-05-24
37570808,2188522,"DTZ Schreiben 04",de,,,79,,2026-05-24,2026-05-24
37570871,2188522,"DTZ Schreiben 05",de,,,64,,2026-05-24,2026-05-24
37763529,2206701,"Das Frühlingswetter bleibt verregnet",de,,,50,,2026-05-24,2026-05-24
37763565,2206701,"Frühlingsfest mit vier Schlägen eröffnet",de,,,74,,2026-05-24,2026-05-24
37763702,2206712,"Gemeinde Elsau Das Gartenbistro Claire’s Besäbeizli öffnet nicht mehr",de,,,114,,2026-05-24,2026-05-24
37933891,2143272,"Der Schatten - 1",de,,,801,,2026-05-24,2026-05-24
38064049,1019491,"Tagesschau in 100 Sekunden — 11.05.2025",de,https://s3.amazonaws.com/media.lingq.com/resources/contents/audionorm/tmp/norm_audio_in_38064049.b8cb907b05a9.mp3,,136,,2026-05-24,2026-05-24
38367452,2253839,"Chi - 2025-05-27 (01)",de,https://s3.amazonaws.com/media.lingq.com/resources/contents/audionorm/2025-05-27.d054876e9aa8.mp3,,33,,2026-05-24,2026-05-24
38368551,2253839,"Chi - 2025-05-27 (02)",de,https://s3.amazonaws.com/media.lingq.com/resources/contents/audionorm/2025-05-27_02.616bf6c1c624.mp3,,29,,2026-05-24,2026-05-24
38832310,2143272,Passengers,de,,,1420,,2026-05-24,2026-05-24
38833366,2143272,"Olympo S1:E1",de,,,977,,2026-05-24,2026-05-24
39609382,2303576,"22.07.2025 – Langsam Gesprochene Nachrichten",de,https://s3.amazonaws.com/media.lingq.com/resources/contents/audionorm/tmp/norm_audio_in_39609382.3af9d8ed3d09.mp3,,278,,2026-05-24,2026-05-24
40870210,2451313,"eTraining - Lesen - Teil 3-9",de,,,189,,2026-05-24,2026-05-24
40874576,2451643,"1: Modelltest 2 Hören Teil 1",de,https://s3.amazonaws.com/media.lingq.com/resources/contents/audionorm/tts_audio_40874576_4539f9b3.3e73912706bf.mp3,,152,,2026-05-24,2026-05-24
40874577,2451643,"2: Modelltest 2 Hören Teil 2",de,,,166,,2026-05-24,2026-05-24
40874578,2451643,"3: Modelltest 2 Hören Teil 3",de,,,246,,2026-05-24,2026-05-24
40874580,2451643,"4: Modelltest 2 Hören Teil 4",de,,,138,,2026-05-24,2026-05-24
41135933,2470569,"#341 Geschichte zum Lesen & Hören || Thema: Einsamkeit | Deutsch lernen durch Hören || C1 - C2",de,https://s3.amazonaws.com/media.lingq.com/resources/contents/audionorm/norm_audio_out_9ef80e18.8f97540196f5_1a2409f8.22e3d1f2e469.mp3,,117,,2026-05-24,2026-05-24
41140683,2470958,"#887 LISA - Deutsch lernen mit Geschichten [Deutsch lernen durch Hören] @DldH #dldh #learngerman",de,,,268,,2026-05-24,2026-05-24
41193539,2122932,"E-Book PrintPlus-Lizenz - 1 Jahr",de,,,117,,2026-05-24,2026-05-24
42573212,2583976,"Modelltest 4 - Hören - 1.1",de,,,29,,2026-05-24,2026-05-24
42736978,2596652,"Dinner Club: Germany S1:E1 Cyprus, Kurt Krömer",de,,,1179,,2026-05-24,2026-05-24
42737630,2122932,"Watch The Trail | Prime Video",de,,,40,,2026-05-24,2026-05-24
42737801,2596652,"Watch Perfekt Verpasst - Staffel 1 | Prime Video",de,,,245,,2026-05-24,2026-05-24
42738195,2596652,"Beat S1:E1 BEAT",de,,,1085,,2026-05-24,2026-05-24
42738245,2596652,"FC Bayern - Behind The Legend S1:E1 EPISODE 1",de,,,1123,,2026-05-24,2026-05-24
42738324,2596652,"Amazon.de: Perfekt Verpasst - Staffel 1 ansehen | Prime Video",de,,,212,,2026-05-24,2026-05-24
42738415,2143272,"Tomb Raider",de,https://s3.amazonaws.com/media.lingq.com/resources/contents/audionorm/tts_audio_42738415_ee05299d.171d5dad51e6.mp3,,1064,,2026-05-24,2026-05-24
44368960,2253839,Mimi,de,https://s3.amazonaws.com/media.lingq.com/resources/contents/audionorm/1_7812df2a.fa685c261ca2.mp3,,1116,,2026-05-24,2026-05-24
44725978,2746438,"Hitzewelle in Deutschland: Höchsttemperaturen bis 40 Grad | TikTok",de,https://s3.amazonaws.com/media.lingq.com/resources/contents/audionorm/norm_audio_in_39622656.626b70b258fd_e28f20a3.e7a70ae90b1e.mp3,,164,,2026-05-24,2026-05-24
